--
-- Script was generated by Devart dbForge Studio 2020 for MySQL, Version 9.0.338.0
-- Product home page: http://www.devart.com/dbforge/mysql/studio
-- Script date 6/1/2022 3:29:16 PM
-- Server version: 8.0.29
-- Client version: 4.1
--

-- 
-- Disable foreign keys
-- 
/*!40014 SET @OLD_FOREIGN_KEY_CHECKS=@@FOREIGN_KEY_CHECKS, FOREIGN_KEY_CHECKS=0 */;

-- 
-- Set SQL mode
-- 
/*!40101 SET @OLD_SQL_MODE=@@SQL_MODE, SQL_MODE='NO_AUTO_VALUE_ON_ZERO' */;

-- 
-- Set character set the client will use to send SQL statements to the server
--
SET NAMES 'utf8';

--
-- Set default database
--
USE misacukcukmaterial2022_dev;

--
-- Drop procedure `Proc_GetMaterialFilterPaging`
--
DROP PROCEDURE IF EXISTS Proc_GetMaterialFilterPaging;

--
-- Drop procedure `Proc_GetStorageById`
--
DROP PROCEDURE IF EXISTS Proc_GetStorageById;

--
-- Drop procedure `Proc_GetStorages`
--
DROP PROCEDURE IF EXISTS Proc_GetStorages;

--
-- Drop procedure `Proc_InsertStorage`
--
DROP PROCEDURE IF EXISTS Proc_InsertStorage;

--
-- Drop procedure `Proc_GetNewMaterialNumber`
--
DROP PROCEDURE IF EXISTS Proc_GetNewMaterialNumber;

--
-- Drop function `Func_GetMaterialNumber`
--
DROP FUNCTION IF EXISTS Func_GetMaterialNumber;

--
-- Drop procedure `Proc_DeleteConvertionById`
--
DROP PROCEDURE IF EXISTS Proc_DeleteConvertionById;

--
-- Drop procedure `Proc_GetConvertionById`
--
DROP PROCEDURE IF EXISTS Proc_GetConvertionById;

--
-- Drop procedure `Proc_GetConvertionByMaterialId`
--
DROP PROCEDURE IF EXISTS Proc_GetConvertionByMaterialId;

--
-- Drop procedure `Proc_GetConvertions`
--
DROP PROCEDURE IF EXISTS Proc_GetConvertions;

--
-- Drop procedure `Proc_InsertConvertion`
--
DROP PROCEDURE IF EXISTS Proc_InsertConvertion;

--
-- Drop procedure `Proc_UpdateConvertion`
--
DROP PROCEDURE IF EXISTS Proc_UpdateConvertion;

--
-- Drop table `convertion`
--
DROP TABLE IF EXISTS convertion;

--
-- Drop procedure `Proc_GetMaterialById`
--
DROP PROCEDURE IF EXISTS Proc_GetMaterialById;

--
-- Drop procedure `Proc_GetMaterials`
--
DROP PROCEDURE IF EXISTS Proc_GetMaterials;

--
-- Drop view `view_material`
--
DROP VIEW IF EXISTS view_material CASCADE;

--
-- Drop procedure `Proc_DeleteMaterialById`
--
DROP PROCEDURE IF EXISTS Proc_DeleteMaterialById;

--
-- Drop procedure `Proc_InsertMaterial`
--
DROP PROCEDURE IF EXISTS Proc_InsertMaterial;

--
-- Drop procedure `Proc_UpdateMaterial`
--
DROP PROCEDURE IF EXISTS Proc_UpdateMaterial;

--
-- Drop table `material`
--
DROP TABLE IF EXISTS material;

--
-- Drop procedure `Proc_FindUnitByName`
--
DROP PROCEDURE IF EXISTS Proc_FindUnitByName;

--
-- Drop procedure `Proc_GetUnitById`
--
DROP PROCEDURE IF EXISTS Proc_GetUnitById;

--
-- Drop procedure `Proc_GetUnits`
--
DROP PROCEDURE IF EXISTS Proc_GetUnits;

--
-- Drop procedure `Proc_InsertUnit`
--
DROP PROCEDURE IF EXISTS Proc_InsertUnit;

--
-- Drop table `unit`
--
DROP TABLE IF EXISTS unit;

--
-- Drop table `storage`
--
DROP TABLE IF EXISTS storage;

--
-- Set default database
--
USE misacukcukmaterial2022_dev;

--
-- Create table `storage`
--
CREATE TABLE storage (
  StorageId char(36) NOT NULL DEFAULT '',
  StorageCode varchar(20) NOT NULL DEFAULT '',
  StorageName varchar(255) NOT NULL DEFAULT '',
  StorageAddress varchar(255) DEFAULT NULL,
  CreatedDate datetime DEFAULT NULL,
  CreatedBy varchar(100) DEFAULT NULL,
  ModifiedDate datetime DEFAULT NULL,
  ModifiedBy varchar(100) DEFAULT NULL,
  PRIMARY KEY (StorageId)
)
ENGINE = INNODB,
AVG_ROW_LENGTH = 1638,
CHARACTER SET utf8mb4,
COLLATE utf8mb4_0900_ai_ci;

--
-- Create table `unit`
--
CREATE TABLE unit (
  UnitId char(36) NOT NULL DEFAULT '',
  UnitCode varchar(20) NOT NULL DEFAULT '',
  UnitName varchar(255) NOT NULL DEFAULT '',
  CreatedDate datetime DEFAULT NULL,
  CreatedBy varchar(100) DEFAULT NULL,
  ModifiedDate datetime DEFAULT NULL,
  ModifiedBy varchar(100) DEFAULT NULL,
  PRIMARY KEY (UnitId)
)
ENGINE = INNODB,
AVG_ROW_LENGTH = 1024,
CHARACTER SET utf8mb4,
COLLATE utf8mb4_0900_ai_ci;

DELIMITER $$

--
-- Create procedure `Proc_InsertUnit`
--
CREATE DEFINER = 'root'@'localhost'
PROCEDURE Proc_InsertUnit (IN UnitId char(36), IN UnitCode varchar(20), IN UnitName varchar(255), IN CreatedDate datetime, IN CreatedBy varchar(100), IN ModifiedDate datetime, IN ModifiedBy varchar(100))
BEGIN
  INSERT INTO unit (UnitId,
  UnitCode,
  UnitName,
  CreatedDate,
  CreatedBy,
  ModifiedDate,
  ModifiedBy)
    VALUES (UUID(), UnitCode, UnitName, CURRENT_TIMESTAMP(), CreatedBy, ModifiedDate, ModifiedBy);
END
$$

--
-- Create procedure `Proc_GetUnits`
--
CREATE DEFINER = 'root'@'localhost'
PROCEDURE Proc_GetUnits ()
BEGIN
  SELECT
    *
  FROM unit u;
END
$$

--
-- Create procedure `Proc_GetUnitById`
--
CREATE DEFINER = 'root'@'localhost'
PROCEDURE Proc_GetUnitById (IN UnitId char(36))
BEGIN
  SELECT
    *
  FROM unit u
  WHERE u.UnitId = UnitId LIMIT 1;
END
$$

--
-- Create procedure `Proc_FindUnitByName`
--
CREATE DEFINER = 'root'@'localhost'
PROCEDURE Proc_FindUnitByName (IN UnitName varchar(255))
BEGIN
  SELECT DISTINCT
    *
  FROM unit u
  WHERE u.UnitName = UnitName;
END
$$

DELIMITER ;

--
-- Create table `material`
--
CREATE TABLE material (
  MaterialId char(36) NOT NULL DEFAULT '',
  MaterialCode varchar(20) NOT NULL DEFAULT '',
  MaterialName varchar(255) NOT NULL DEFAULT '',
  MaterialFeature varchar(100) DEFAULT NULL,
  MaterialNote varchar(255) DEFAULT NULL,
  GroupMaterial varchar(255) DEFAULT NULL,
  Following tinyint DEFAULT NULL,
  MaterialStockMin int DEFAULT NULL,
  MaterialExpiry date DEFAULT NULL,
  MaterialDescription varchar(255) DEFAULT NULL,
  UnitId char(36) DEFAULT NULL,
  StorageId char(36) DEFAULT NULL,
  CreatedDate datetime DEFAULT NULL,
  CreatedBy varchar(100) DEFAULT NULL,
  ModifiedDate datetime DEFAULT NULL,
  ModifiedBy varchar(100) DEFAULT NULL,
  PRIMARY KEY (MaterialId)
)
ENGINE = INNODB,
AVG_ROW_LENGTH = 589,
CHARACTER SET utf8mb4,
COLLATE utf8mb4_0900_ai_ci;

--
-- Create foreign key
--
ALTER TABLE material
ADD CONSTRAINT FK_material_StorageId FOREIGN KEY (StorageId)
REFERENCES storage (StorageId);

--
-- Create foreign key
--
ALTER TABLE material
ADD CONSTRAINT FK_material_UnitId FOREIGN KEY (UnitId)
REFERENCES unit (UnitId);

DELIMITER $$

--
-- Create procedure `Proc_UpdateMaterial`
--
CREATE DEFINER = 'root'@'localhost'
PROCEDURE Proc_UpdateMaterial (IN MaterialId char(36), IN MaterialCode varchar(20), IN MaterialName varchar(255), IN MaterialFeature varchar(100), IN MaterialNote varchar(255), IN GroupMaterial varchar(255), IN Following tinyint, IN MaterialStockMin int, IN MaterialExpiry date, IN MaterialDescription varchar(255), IN UnitId char(36), IN StorageId char(36), IN CreatedDate date, IN CreatedBy varchar(100), IN ModifiedDate date, IN ModifiedBy varchar(100))
BEGIN
  UPDATE material m
  SET m.MaterialCode = MaterialCode,
      m.MaterialName = MaterialName,
      m.MaterialFeature = MaterialFeature,
      m.MaterialNote = MaterialNote,
      m.GroupMaterial = GroupMaterial,
      m.Following = Following,
      m.MaterialStockMin = MaterialStockMin,
      m.MaterialExpiry = MaterialExpiry,
      m.MaterialDescription = MaterialDescription,
      m.UnitId = UnitId,
      m.StorageId = StorageId,
      m.CreatedDate = CreatedDate,
      m.CreatedBy = CreatedBy,
      m.ModifiedDate = CURRENT_TIMESTAMP(),
      m.ModifiedBy = ModifiedBy
  WHERE m.MaterialId = MaterialId;
END
$$

--
-- Create procedure `Proc_InsertMaterial`
--
CREATE DEFINER = 'root'@'localhost'
PROCEDURE Proc_InsertMaterial (IN MaterialId char(36), IN MaterialCode varchar(20), IN MaterialName varchar(255), IN MaterialFeature varchar(100), IN MaterialNote varchar(255), IN GroupMaterial varchar(255), IN Following tinyint, IN MaterialStockMin int, IN MaterialExpiry date, IN MaterialDescription varchar(255), IN UnitId char(36), IN StorageId char(36), IN CreatedDate date, IN CreatedBy varchar(100), IN ModifiedDate date, IN ModifiedBy varchar(100))
BEGIN
  INSERT INTO material (MaterialId,
  MaterialCode,
  MaterialName,
  MaterialFeature,
  MaterialNote,
  GroupMaterial,
  Following,
  MaterialStockMin,
  MaterialExpiry,
  MaterialDescription,
  UnitId,
  StorageId,
  CreatedDate,
  CreatedBy,
  ModifiedDate,
  ModifiedBy)
    VALUES (MaterialId, MaterialCode, MaterialName, MaterialFeature, MaterialNote, GroupMaterial, Following, MaterialStockMin, MaterialExpiry, MaterialDescription, UnitId, StorageId, CURRENT_TIMESTAMP(), CreatedBy, ModifiedDate, ModifiedBy);
END
$$

--
-- Create procedure `Proc_DeleteMaterialById`
--
CREATE DEFINER = 'root'@'localhost'
PROCEDURE Proc_DeleteMaterialById (IN MaterialId varchar(255))
BEGIN
  DELETE
    FROM material
  WHERE material.MaterialId = MaterialId;
END
$$

DELIMITER ;

--
-- Create view `view_material`
--
CREATE
DEFINER = 'root'@'localhost'
VIEW view_material
AS
SELECT
  `material`.`MaterialId` AS `MaterialId`,
  `material`.`MaterialCode` AS `MaterialCode`,
  `material`.`MaterialName` AS `MaterialName`,
  `material`.`MaterialFeature` AS `MaterialFeature`,
  `material`.`MaterialNote` AS `MaterialNote`,
  `material`.`Following` AS `Following`,
  `material`.`MaterialStockMin` AS `MaterialStockMin`,
  `material`.`MaterialExpiry` AS `MaterialExpiry`,
  `material`.`MaterialDescription` AS `MaterialDescription`,
  `material`.`GroupMaterial` AS `GroupMaterial`,
  `material`.`CreatedDate` AS `CreatedDate`,
  `material`.`CreatedBy` AS `CreatedBy`,
  `material`.`ModifiedDate` AS `ModifiedDate`,
  `material`.`ModifiedBy` AS `ModifiedBy`,
  `material`.`UnitId` AS `UnitId`,
  `material`.`StorageId` AS `StorageId`,
  `unit`.`UnitName` AS `UnitName`
FROM ((`material`
  LEFT JOIN `unit`
    ON ((`material`.`UnitId` = `unit`.`UnitId`)))
  LEFT JOIN `storage`
    ON ((`material`.`StorageId` = `storage`.`StorageId`)));

DELIMITER $$

--
-- Create procedure `Proc_GetMaterials`
--
CREATE DEFINER = 'root'@'localhost'
PROCEDURE Proc_GetMaterials ()
BEGIN
  SELECT
    *
  FROM view_material vm

  ORDER BY vm.CreatedDate DESC;
END
$$

--
-- Create procedure `Proc_GetMaterialById`
--
CREATE DEFINER = 'root'@'localhost'
PROCEDURE Proc_GetMaterialById (IN MaterialId char(36))
BEGIN
  SELECT
    *
  FROM view_material vm
  WHERE vm.MaterialId = MaterialId LIMIT 1;
END
$$

DELIMITER ;

--
-- Create table `convertion`
--
CREATE TABLE convertion (
  ConvertionId char(36) NOT NULL DEFAULT '',
  ConvertionCode varchar(20) DEFAULT '',
  ConvertionName varchar(255) DEFAULT NULL,
  RatingCovertion int DEFAULT NULL,
  ConvertionCalculation int DEFAULT NULL,
  ConvertionDescription varchar(255) DEFAULT NULL,
  MaterialId char(36) DEFAULT NULL,
  CreatedDate datetime DEFAULT NULL,
  CreatedBy varchar(100) DEFAULT NULL,
  ModifiedDate datetime DEFAULT NULL,
  ModifiedBy varchar(255) DEFAULT NULL,
  PRIMARY KEY (ConvertionId)
)
ENGINE = INNODB,
AVG_ROW_LENGTH = 245,
CHARACTER SET utf8mb4,
COLLATE utf8mb4_0900_ai_ci;

--
-- Create foreign key
--
ALTER TABLE convertion
ADD CONSTRAINT FK_convertion_MaterialId FOREIGN KEY (MaterialId)
REFERENCES material (MaterialId) ON DELETE CASCADE;

DELIMITER $$

--
-- Create procedure `Proc_UpdateConvertion`
--
CREATE DEFINER = 'root'@'localhost'
PROCEDURE Proc_UpdateConvertion (IN ConvertionId char(36), IN RatingCovertion int, IN ConvertionCalculation int, IN ConvertionDescription varchar(255), IN MaterialId char(36), IN CreatedDate datetime, IN CreatedBy varchar(100), IN ModifiedDate datetime, IN ModifiedBy varchar(100), IN ConvertionCode varchar(20), IN ConvertionName varchar(255))
BEGIN
  UPDATE convertion c
  SET c.ConvertionCode = ConvertionCode,
      c.ConvertionName = ConvertionName,
      c.RatingCovertion = RatingCovertion,
      c.ConvertionCalculation = ConvertionCalculation,
      c.ConvertionDescription = ConvertionDescription,
      c.MaterialId = MaterialId,
      c.CreatedDate = CreatedDate,
      c.CreatedBy = CreatedBy,
      c.ModifiedDate = CURRENT_TIMESTAMP(),
      c.ModifiedBy = ModifiedBy
  WHERE c.ConvertionId = ConvertionId;
END
$$

--
-- Create procedure `Proc_InsertConvertion`
--
CREATE DEFINER = 'root'@'localhost'
PROCEDURE Proc_InsertConvertion (IN ConvertionId char(36), IN RatingCovertion int, IN ConvertionCalculation int, IN ConvertionDescription varchar(255), IN MaterialId char(36), IN CreatedDate datetime, IN CreatedBy varchar(100), IN ModifiedDate datetime, IN ModifiedBy varchar(100), IN ConvertionCode varchar(20), IN ConvertionName varchar(255))
BEGIN
  INSERT INTO convertion (ConvertionId,
  ConvertionCode,
  ConvertionName,
  RatingCovertion,
  ConvertionCalculation,
  ConvertionDescription,
  MaterialId,
  CreatedDate,
  CreatedBy,
  ModifiedDate,
  ModifiedBy)
    VALUES (UUID(), ConvertionCode, ConvertionName, RatingCovertion, ConvertionCalculation, ConvertionDescription, MaterialId, CURRENT_TIMESTAMP(), CreatedBy, ModifiedDate, ModifiedBy);
END
$$

--
-- Create procedure `Proc_GetConvertions`
--
CREATE DEFINER = 'root'@'localhost'
PROCEDURE Proc_GetConvertions ()
BEGIN
  SELECT
    *
  FROM convertion c;
END
$$

--
-- Create procedure `Proc_GetConvertionByMaterialId`
--
CREATE DEFINER = 'root'@'localhost'
PROCEDURE Proc_GetConvertionByMaterialId (IN MaterialId char(36))
BEGIN
  SELECT
    *
  FROM convertion c
  WHERE c.MaterialId = MaterialId;
END
$$

--
-- Create procedure `Proc_GetConvertionById`
--
CREATE DEFINER = 'root'@'localhost'
PROCEDURE Proc_GetConvertionById (IN ConvertionId char(36))
BEGIN
  SELECT
    *
  FROM convertion c
  WHERE c.ConvertionId = ConvertionId LIMIT 1;
END
$$

--
-- Create procedure `Proc_DeleteConvertionById`
--
CREATE DEFINER = 'root'@'localhost'
PROCEDURE Proc_DeleteConvertionById (IN ConvertionId varchar(255))
BEGIN
  DELETE
    FROM convertion
  WHERE convertion.ConvertionId = ConvertionId;
END
$$

--
-- Create function `Func_GetMaterialNumber`
--
CREATE DEFINER = 'root'@'localhost'
FUNCTION Func_GetMaterialNumber (InputString varchar(255))
RETURNS int(11)
BEGIN
  DECLARE ctrNumber integer DEFAULT 0;
  DECLARE finNumber varchar(50) DEFAULT '';
  DECLARE sChar varchar(1);
  DECLARE inti integer DEFAULT 1;
  SET inti = LENGTH(InputString);

  IF LENGTH(InputString) > 0 THEN
    WHILE (inti > 0) DO
      SET sChar = SUBSTRING(InputString, inti, 1);
      SET ctrNumber = FIND_IN_SET(sChar, '0,1,2,3,4,5,6,7,8,9');
      IF ctrNumber > 0 THEN
        SET finNumber = CONCAT(sChar, finNumber);
      ELSE
        RETURN finNumber;
      END IF;
      SET inti = inti - 1;
    END WHILE;
    IF LENGTH(finNumber) > 0 THEN
      RETURN CAST(finNumber AS UNSIGNED);
    ELSE
      RETURN 0;
    END IF;
  ELSE
    RETURN 0;
  END IF;
END
$$

--
-- Create procedure `Proc_GetNewMaterialNumber`
--
CREATE DEFINER = 'root'@'localhost'
PROCEDURE Proc_GetNewMaterialNumber ()
BEGIN
  SET @Max_Code = (SELECT
      vm.MaterialCode
    FROM view_material vm
    ORDER BY vm.CreatedDate
    DESC LIMIT 1);
  SET @Max_Code_Number = (SELECT
      Func_GetMaterialNumber(@Max_Code));
  SET @New_Code_Number = @Max_Code_Number + 1;
  SELECT
    @New_Code_Number;
END
$$

--
-- Create procedure `Proc_InsertStorage`
--
CREATE DEFINER = 'root'@'localhost'
PROCEDURE Proc_InsertStorage (IN StorageId char(36), IN StorageCode varchar(20), IN StorageName varchar(255), IN StorageAddress varchar(255), IN CreatedDate datetime, IN CreatedBy varchar(100), IN ModifiedDate datetime, IN ModifiedBy varchar(100))
BEGIN

  INSERT INTO storage (StorageId,
  StorageCode,
  StorageName,
  StorageAddress,
  CreatedDate,
  CreatedBy,
  ModifiedDate,
  ModifiedBy)
    VALUES (UUID(), StorageCode, StorageName, StorageAddress, CURRENT_TIMESTAMP(), CreatedBy, ModifiedDate, ModifiedBy);

END
$$

--
-- Create procedure `Proc_GetStorages`
--
CREATE DEFINER = 'root'@'localhost'
PROCEDURE Proc_GetStorages ()
BEGIN
  SELECT
    *
  FROM storage s;
END
$$

--
-- Create procedure `Proc_GetStorageById`
--
CREATE DEFINER = 'root'@'localhost'
PROCEDURE Proc_GetStorageById (IN StorageId char(36))
BEGIN
  SELECT
    *
  FROM storage s
  WHERE s.StorageId = StorageId LIMIT 1;
END
$$

--
-- Create procedure `Proc_GetMaterialFilterPaging`
--
CREATE DEFINER = 'root'@'localhost'
PROCEDURE Proc_GetMaterialFilterPaging (IN PageNumber int, IN PageSize int, IN Filter varchar(255), OUT TotalPage int, OUT TotalRecord int)
BEGIN
  #Khởi tạo các biến PageOffset
  DECLARE PageOffset int;
  #Khởi tạo câu lệnh SQL
  DECLARE sqlCommand varchar(1000);

  #Tính toán biến PageOffset
  SET PageOffset = (PageNumber - 1) * PageSize;

  SET @Filter = (SELECT
      Filter);
  IF @Filter IS NOT NULL THEN
    SET @sqlCommand = CONCAT("CREATE TEMPORARY TABLE IF NOT EXISTS filteredData SELECT * FROM view_material vm WHERE ", @Filter, " ORDER BY vm.CreatedDate DESC");
  ELSE
    SET @sqlCommand = 'CREATE TEMPORARY TABLE IF NOT EXISTS filteredData SELECT * FROM view_material vm ORDER BY vm.CreatedDate DESC';
  END IF;

  #Trả về câu lệnh SQL
  PREPARE sqlCommand FROM @sqlCommand;
  EXECUTE sqlCommand;

  CREATE TEMPORARY TABLE IF NOT EXISTS tbData AS
  #Offset: limit row per page
  SELECT
    *
  FROM filteredData LIMIT PageSize OFFSET PageOffset;
  #Tổng số bản ghi
  SET TotalRecord = (SELECT
      COUNT(*)
    FROM filteredData);
  #Tổng số trang
  SET TotalPage = CEIL(TotalRecord / PageSize);
  SELECT
    *
  FROM tbData d;
END
$$

DELIMITER ;

-- 
-- Dumping data for table unit
--
INSERT INTO unit VALUES
('153105e0-6702-29ed-7632-03c92da59c43', 'U-13593', 'Thùng', '1988-12-10 04:56:04', 'Nguyễn Văn Minh', NULL, NULL),
('174ffc6c-4080-4bc3-a126-71cca92946bf', 'U-96561', 'Gói', '2009-11-03 01:08:16', 'Đào Văn Hoàng', '1983-07-16 22:30:56', 'Trương Hoàng Thắng'),
('19029793-2caa-7372-e03d-c9e9e9038fe2', 'U-18021', 'Tạ', '1971-06-28 09:10:55', 'Nguyễn Trần Phước', '1976-11-05 13:31:06', 'Nguyễn Trọng Hùng'),
('1944b789-48b3-5241-f588-479bce9b28fc', 'U-51941', 'Lọ', '1976-09-22 23:34:55', 'Đào Trung Đạt', '1970-01-01 00:03:18', 'Trần Thị Châu'),
('1cab3f5f-2daa-759f-e936-63d5d5eff719', 'U-32655', 'Kilogram', '1996-11-23 03:02:01', 'Cao Gia Thư', NULL, NULL),
('2102924a-510c-7251-a026-71cca92946bf', 'U-87417', 'Quả', '2009-11-03 01:08:15', 'Lương Thị Nhi', '1989-06-22 17:46:03', 'Lê Hiếu Tài'),
('3541ff76-58f0-6d1a-e836-63d5d5eff719', 'U-57365', 'Tấn', '1996-11-23 03:02:00', 'Đồng Thị Nhiên', '1999-01-18 09:30:45', 'Lê Hùng Dũng'),
('39446ba3-3071-7af6-a5a9-deaf32c96293', 'U-24803', 'Yến', '2012-03-27 12:39:40', 'Nguyễn Đình Phước', '2020-10-20 01:46:25', ''),
('423d5b84-2191-6cce-df3d-c9e9e9038fe2', 'U-36758', 'Dây', '1971-06-28 09:10:54', 'Triệu Yến Mai', '2003-12-06 01:52:09', 'Đào Tường Khoa'),
('447816de-6069-15bf-de3d-c9e9e9038fe2', 'U-86683', 'Túi', '1971-06-28 09:10:53', 'Nguyễn Trần Kiên', NULL, NULL),
('48b51439-3625-6c0c-7532-03c92da59c43', 'U-66868', 'Gram', '1988-12-10 04:56:03', 'Hồ Thảo Châu', '2019-02-04 22:08:42', 'Nguyễn Yến Kệ'),
('67f532a4-1158-2919-d1eb-e423f1575e00', 'U-51746', 'Cái', '1991-08-28 12:38:01', 'Thái Trọng Quang', '1987-05-14 06:51:52', 'Trương Thị Mai'),
('71952621-23c8-61d2-d0eb-e423f1575e00', 'U-38382', 'Lon', '1991-08-28 12:38:00', 'Đào Minh Minh', NULL, NULL),
('73612d31-3ee3-7447-8e7d-817a123d365d', 'U-23571', 'Hộp', '1983-09-14 14:32:03', 'Triệu Giang Hân', NULL, NULL),
('74b4ef62-677e-21c3-88db-f21ac591aca5', 'U-25864', 'Container', '2004-08-07 10:44:15', 'Tô Thị Tường', NULL, NULL),
('79aca385-65e3-1ebe-f488-479bce9b28fc', 'U-89390', 'Két', '1976-09-22 23:34:54', 'Trần Duy Khôi', '2018-09-23 19:08:06', 'Hà Thị Nhung'),
('c0642bf3-db19-11ec-a66d-0a002700000b', 'U-13596', 'Chai', '2022-05-24 11:26:59', 'Nguyễn Văn Minh', NULL, NULL);

-- 
-- Dumping data for table storage
--
INSERT INTO storage VALUES
('0477bb02-db19-11ec-a66d-0a002700000b', 'S-10185', 'Kho Đà Nẵng', '221 Market Ct, Appartment 819, Atlanta, GA, 04518', '2022-05-24 11:21:43', '', NULL, NULL),
('148ed882-32b8-218e-9c20-39c2f00615e8', 'S-10183', 'Kho Hà Nội', '221 Market Ct, Appartment 819, Atlanta, GA, 04518', '1996-10-08 02:33:58', '', NULL, NULL),
('15d0d796-1465-4665-fc83-196123975cb2', 'S-57709', 'Kho điện tử', '2175 NE Prospect Hill Parkway, Calyon Building, Hartford, Connecticut, 37526', '1978-01-06 04:49:52', 'Triệu Văn Khôi', '1973-01-18 05:39:58', 'Đồng Ngọc Nhung'),
('1b691e79-236d-5b5a-9d20-39c2f00615e8', 'S-41045', 'Kho nguyên liệu', '1740 Hunting Hill Way, MidAmerican Building, Springfield, Illinois, 98434', '1996-10-08 02:33:59', 'Cao Thái Khoa', '1970-01-01 01:08:43', 'Đàm Trung Trung'),
('25c6c36e-1668-7d10-6e09-bf1378b8dc91', 'S-83191', 'Kho đông lạnh', '2049 Beachwood Pkwy, Diamond Building, Dover, Delaware, 68284', '1986-04-22 18:19:41', 'Ninh Thái Thắng', '1985-08-15 18:47:30', 'Liễu Thị Tiên'),
('354f1b13-17bf-1b52-87d5-ba100c6f7bce', 'S-63730', 'Kho nhập khẩu', '1802 Mount St, Austin, TX, 63029', '1991-07-13 12:09:58', 'Tô Văn Trung', NULL, NULL),
('36104b10-705b-57a8-83c0-08fd2f807219', 'S-63492', 'Kho tái chế', '3370 Front Ct, First Security Building, Hartford, CT, 20951', '1972-10-10 14:25:51', 'Lương Đình Hùng', '1983-07-06 21:08:17', 'Đồng Ngọc Huy'),
('3700cc49-55b5-69ea-4929-a2925c0f334d', 'S-71458', 'Kho thực vật', '3083 North Bayview Court, Plaza Bldg, Phoenix, AZ, 54013', '2009-12-03 01:42:08', 'Tô Văn Khoa', '1983-09-20 03:56:07', 'Nguyễn Gia Hân'),
('37dd9bb0-4c53-4134-31de-23e177779933', 'S-96409', 'Kho động vật', '977 Quailwood Street, Judge Bldg, Pierre, SD, 70002', '1996-10-08 02:34:00', 'Tô Văn Dũng', '1980-06-22 01:03:11', 'Tô Thị An'),
('3b86d2ed-446c-5fce-56be-406293204378', 'S-74389', 'Kho vật liệu', '3313 White Cedar Tree Drive, Equitable Building, Tallahassee, FL, 62620', '1978-01-06 04:49:51', 'Vũ Thị An', '1970-01-01 00:01:08', 'Trương Thị Diệp'),
('6b47b37f-3123-3ce7-14cf-9712082ff6cb', 'S-91867', 'Kho xuất khẩu', '2081 Pine Tree Highway, Madison, Wisconsin, 46172', '1991-07-13 12:09:59', 'Tô Gia Nhi', '1992-05-20 07:14:15', 'Trần Gia Huy');

-- 
-- Dumping data for table material
--
INSERT INTO material VALUES
('1170a168-2949-6f39-dfd2-89b22d10517e', 'M-18168', '', '', NULL, '', 0, 587, '1970-02-09', 'Similique consequatur culpa. Quia sit nobis. Sit id facilis! Omnis amet consequatur. Assumenda ut qui. Qui sint est! Earum ipsam tempore...', '423d5b84-2191-6cce-df3d-c9e9e9038fe2', '3700cc49-55b5-69ea-4929-a2925c0f334d', '1970-01-01 00:00:40', 'Nguyễn Thị Vy', '2017-06-15 06:18:03', 'Tô Văn Tài'),
('11a8748f-3464-740c-28c2-579daad24557', 'M-39603', 'Bia Trúc Bạch', '', '256ZT7PHWM7YNC7G0TN4ZR1E1RU48YVJ1LJ7V5LST6RUH', '', 1, 741, '1979-12-11', 'Porro adipisci voluptas. Magnam natus quibusdam. Aut blanditiis est. Eos a tempora. Et architecto placeat. Aut ratione sunt. Error eaque quod. Tempore unde;', '79aca385-65e3-1ebe-f488-479bce9b28fc', '354f1b13-17bf-1b52-87d5-ba100c6f7bce', '1970-01-01 01:00:32', 'Tô Tường Kiên', '1994-05-11 03:37:42', 'Vũ Minh Trung'),
('11e8faef-6121-695a-86f6-423b4e874d0f', 'M-28592', 'Hạt bí', '', 'K42D2T8H55J412E6U2G6KZ4EB0G7AV888JO8W6WEZ', '', 0, 809, '1997-10-15', 'Voluptate animi eos. Pariatur sed quia! Sit sed adipisci. Quo ut nesciunt. Dolorum asperiores aliquam. Corporis suscipit earum; veniam et rerum. Perspiciatis?', '447816de-6069-15bf-de3d-c9e9e9038fe2', '3700cc49-55b5-69ea-4929-a2925c0f334d', '1990-10-23 11:44:41', 'Phí Thị Khuê', '1978-02-08 07:44:07', 'Ninh Duy Cường'),
('11ea67a8-36b3-7e4b-3e80-de64d090a2c2', 'M-76611', '', '', '8O83530D60Q65P5L6NL7ER66L', '', 0, 522, '2013-11-03', 'Repellat omnis molestiae eius reprehenderit id itaque. Qui et harum! Quia omnis aut. Placeat ut iusto. Ut aut voluptas! Ratione id impedit.', '174ffc6c-4080-4bc3-a126-71cca92946bf', '148ed882-32b8-218e-9c20-39c2f00615e8', '2012-03-10 13:57:12', 'Tô Văn Khôi', NULL, NULL),
('1208b54a-66ee-355a-46c2-579daad24557', 'M-64319', 'Dầu ăn', 'Hàng nhập khẩu', 'A8I795EF1W8A02AJ42X98N3R9775172U', '', 1, 267, '1970-02-04', 'Minima recusandae sed. Iste esse harum! Sint quos assumenda? Hic a molestiae. Laudantium error unde. Est provident error. Tenetur sed architecto! Qui omnis.', '153105e0-6702-29ed-7632-03c92da59c43', '15d0d796-1465-4665-fc83-196123975cb2', '1970-01-01 00:00:35', 'Giang Văn Hùng', '1990-07-01 23:29:07', 'Đồng Thị Kệ'),
('1219e510-59ef-36fc-45c2-579daad24557', 'M-55132', 'Cocacola', 'Đóng gói', 'SLZ7AD', NULL, 1, 761, '1991-12-23', 'Aperiam quia omnis quia et quasi. Vel magnam doloremque! Fugit corporis qui? Eum rerum autem. Quo cum atque. Hic dolore harum...', '74b4ef62-677e-21c3-88db-f21ac591aca5', '6b47b37f-3123-3ce7-14cf-9712082ff6cb', '1970-01-01 02:13:47', 'Đàm Thị Tú', '1970-01-01 00:01:30', 'Cao Hùng Minh'),
('124cf514-442e-23dd-3880-de64d090a2c2', 'M-08120', 'Cam', 'Đóng gói', 'LAGEQ3X5R51YKYO9', '', 0, 225, '1997-03-25', 'Et cumque ex. Enim quam error; necessitatibus sit et. Voluptate quos minus. Pariatur earum laborum. Culpa odio provident. Nobis ut quisquam. Omnis eligendi.', '1944b789-48b3-5241-f588-479bce9b28fc', '354f1b13-17bf-1b52-87d5-ba100c6f7bce', '1999-01-26 02:37:31', 'Cao Đình Khoa', NULL, NULL),
('12693b29-274c-35ce-d11d-086412a8ea97', 'M-26010', '', '', 'VJFF69FK119ZE38H5NWPSQBFF7TF2SHQNX092YA3VSENY22HKICQW277077P1Y05OI6', '', 0, 8, '1991-02-22', 'Aliquam qui porro error. Velit voluptatem magnam ipsum rerum et commodi. Hic corrupti aperiam laudantium possimus fuga pariatur.', '3541ff76-58f0-6d1a-e836-63d5d5eff719', '148ed882-32b8-218e-9c20-39c2f00615e8', '1971-06-05 01:00:26', 'Triệu Thị Thư', '1981-01-16 21:45:46', 'Đồng Yến Tường'),
('12e12a5c-6e3a-503a-d71d-086412a8ea97', 'M-18983', 'Lạc', 'Đóng gói', '7194E6I43GUS9UBL7N52', '', 1, 454, '2013-07-20', 'Pariatur est unde. Illo voluptas quo. Suscipit sed assumenda; tenetur voluptas inventore. Ut mollitia saepe. Voluptatem nam totam. Asperiores earum iste. Et!', '447816de-6069-15bf-de3d-c9e9e9038fe2', '36104b10-705b-57a8-83c0-08fd2f807219', '2012-02-10 04:59:35', 'Đàm Thị Tú', NULL, NULL),
('12e1b096-3542-127a-1077-d9ebc53aac3d', 'M-89278', 'Bia Heniken', 'Hàng nhập khẩu', 'C7TFP8J4K90', '', 0, 288, '2012-04-07', 'Tempore debitis nihil dolorem omnis blanditiis. At labore rerum id vitae ullam. Delectus laudantium fugiat. Vel aut rerum. Magni id rem.', '19029793-2caa-7372-e03d-c9e9e9038fe2', '15d0d796-1465-4665-fc83-196123975cb2', '2005-02-04 07:39:05', 'Vũ Văn Kiên', '1970-08-01 19:23:49', 'Phí Hảo Đạt'),
('13241f9b-34c5-6720-9641-c1ec321fe728', 'M-69311', '', '', '1VLMW62K8D54W2XIMD2Q618V4B3', '', 0, 703, '2016-09-28', 'Illum consequatur fugit. Sit ut beatae? Aperiam soluta est. Magnam magni incidunt. Et voluptatem iusto? Soluta corrupti omnis. Sit odio unde. Dolorem omnis.', '423d5b84-2191-6cce-df3d-c9e9e9038fe2', '354f1b13-17bf-1b52-87d5-ba100c6f7bce', '1970-02-12 20:35:23', '', '2013-07-21 05:30:36', 'Hà Gia Trung'),
('1343d389-1cc2-4ab7-88f6-423b4e874d0f', 'M-07748', 'Lạc', NULL, 'MFE90T2X1429A0D6B966W6BUTF198S933PVV35VIUO96048399E85', '', 0, 108, '1979-10-27', 'Veniam exercitationem dolor. Ut ratione similique. Voluptatum recusandae rerum; in sunt aut; iste voluptatem fugiat. Et ut eos. Tempora aut adipisci. Nam sed.', '2102924a-510c-7251-a026-71cca92946bf', '3b86d2ed-446c-5fce-56be-406293204378', '1988-02-08 19:41:44', 'Nguyễn Văn Trung', NULL, NULL),
('134608bd-48c2-5fd7-1435-60b3ebf808a9', 'M-21310', 'Quýt', '', 'D0AR', '', 0, 781, '1980-04-18', 'Quo odit est quibusdam et ut voluptatem. Et aut natus beatae voluptatem sapiente in.', '39446ba3-3071-7af6-a5a9-deaf32c96293', '36104b10-705b-57a8-83c0-08fd2f807219', '1986-04-30 22:04:07', 'Cao Hảo Tài', NULL, NULL),
('13c9dea8-7958-5341-2935-60b3ebf808a9', 'M-94613', 'Kem Tràng Tiền', '', '56532PG99O5JU0V5248MBYX', '', 0, 880, '1980-12-24', 'Enim corporis enim dolores enim. Modi sit sequi. Totam unde ipsa id nulla. Voluptatem sequi animi? Corrupti et culpa. Quaerat magnam qui.', '67f532a4-1158-2919-d1eb-e423f1575e00', '354f1b13-17bf-1b52-87d5-ba100c6f7bce', '2017-01-03 06:28:49', 'Trần Hùng Khoa', '1986-12-12 21:31:31', 'Triệu Bảo Hà'),
('13e1d857-71ca-355c-5835-0028ed526dd0', 'M-57864', '', 'Hàng đặt sẵn', '71SK3565N6G3AZ8AVZO22ZSB2272C8J2AHS485UX8DFLAH636J778R0270AV886Y5VD7HL8', '', 1, 425, '2012-08-23', 'Dolore unde ut. Et veritatis aperiam sit cupiditate unde rerum? Nihil perspiciatis est ullam et maxime error.', '67f532a4-1158-2919-d1eb-e423f1575e00', '148ed882-32b8-218e-9c20-39c2f00615e8', '2016-10-14 07:07:18', 'Vũ Gia Phước', '1986-09-29 11:40:02', 'Liễu Văn Đăng'),
('13ede5b6-19dd-563e-1980-de64d090a2c2', 'M-36729', 'Trà đào', '', '7PVP3496N3HQZZP462', '', 0, 950, '2015-09-13', 'Nam est et ex nobis distinctio ullam. Tempore sit nam aut impedit dolor id.', '74b4ef62-677e-21c3-88db-f21ac591aca5', '36104b10-705b-57a8-83c0-08fd2f807219', '1994-01-18 22:41:46', 'Hồ Văn Vĩ', NULL, NULL),
('1431bd98-52a5-6694-2635-60b3ebf808a9', 'M-60730', '', 'Hàng nhập khẩu', 'QBTRI1292FIGE6K36XXK1U695A', '', 0, 264, '2010-02-15', 'Sit nostrum veritatis ducimus. Nulla atque enim praesentium suscipit enim et. Velit veniam omnis magni quo ut saepe.', '1944b789-48b3-5241-f588-479bce9b28fc', '6b47b37f-3123-3ce7-14cf-9712082ff6cb', '2004-05-03 08:38:46', 'Triệu Thị Ngọc', '1976-12-13 20:25:13', 'Đồng Thị Diễm'),
('143e4110-751a-5474-1f80-de64d090a2c2', 'M-32765', '', 'Hàng tự chế', 'H0O5S6FLJC3UBAU2928OTODWB13SCSB', '', 0, 583, '1986-07-07', 'Eos deserunt fugiat iste ipsum perferendis sit.', '39446ba3-3071-7af6-a5a9-deaf32c96293', '148ed882-32b8-218e-9c20-39c2f00615e8', '1970-01-01 01:40:32', 'Ninh Văn Tài', '1970-01-01 00:35:58', 'Phí Thị Thúy'),
('147f0f39-505a-4f6c-6735-0028ed526dd0', 'M-24992', '', '', 'CTH5WU7VBJJKVI2377A2B2Z372MOX758V3A1WD5RG377BR73ZY4QS524Y2A09JR0', '', 1, 678, '1995-11-11', 'Voluptatem voluptatum voluptatem. Earum eos aut. Fuga aut perspiciatis. Impedit ad ratione. Qui ut voluptatibus. Pariatur dolorem iusto? Architecto sed...', '2102924a-510c-7251-a026-71cca92946bf', '25c6c36e-1668-7d10-6e09-bf1378b8dc91', '1985-09-19 18:55:21', 'Đàm Thị An', '2015-08-01 17:46:22', 'Ninh Giang Hà'),
('14aa1334-3d35-32c4-30c2-579daad24557', 'M-56820', '', 'Hàng tự chế', 'LLF71H1J1TAS3QQ68X17UK807ZVBTC0X568GT4ZX0F6KU55LRL11P9798F', '', NULL, 623, '2011-05-31', NULL, '1944b789-48b3-5241-f588-479bce9b28fc', '37dd9bb0-4c53-4134-31de-23e177779933', '2016-02-26 08:25:49', NULL, NULL, NULL),
('14c94a56-1938-315e-2235-60b3ebf808a9', 'M-15037', '', NULL, '13BDUW9T3267T2OFA6MR21K2S1CI24DQDGOP2MWJ04', '', 0, 282, '1996-05-01', 'Dolorum et expedita. Perspiciatis dolores voluptatem. Nisi ad sit; dolor ab mollitia; beatae hic magni. Ut expedita eum. Corporis ea ut. Rerum iusto omnis.', '74b4ef62-677e-21c3-88db-f21ac591aca5', '15d0d796-1465-4665-fc83-196123975cb2', '1970-01-01 02:40:18', 'Đàm Giang Nhi', NULL, NULL),
('1518ced5-6993-37f8-6180-7ed9d1ea06ea', 'M-36812', 'Xúc xích', 'Hàng tự chế', 'ZMFPEY2731RROD', '', 0, 52, '2008-07-08', 'Consequatur qui placeat incidunt; aut ut unde est eveniet fuga aliquid. Consequatur modi assumenda velit. Unde fuga natus temporibus explicabo id.', '79aca385-65e3-1ebe-f488-479bce9b28fc', '37dd9bb0-4c53-4134-31de-23e177779933', '1989-12-16 04:36:54', 'Trần Ngọc Tú', NULL, NULL),
('151fd6bf-23e6-1487-ec1d-086412a8ea97', 'M-76618', 'Trà đào', '', 'DO', '', 1, 826, '1983-12-26', 'A aspernatur eligendi sed consequuntur doloremque et.', '2102924a-510c-7251-a026-71cca92946bf', '148ed882-32b8-218e-9c20-39c2f00615e8', '1976-06-19 04:44:08', 'Đàm Thị Kệ', '1996-10-20 14:31:37', 'Lương Văn Đăng'),
('156bb711-53c6-12ee-5d80-7ed9d1ea06ea', 'M-75395', 'Dầu ăn', NULL, 'VL290RZ5XON06HX', '', 1, 265, '1972-04-21', 'Ut labore beatae iste voluptatem odio in. Quaerat quas obcaecati vero adipisci ut aliquam!', '71952621-23c8-61d2-d0eb-e423f1575e00', '6b47b37f-3123-3ce7-14cf-9712082ff6cb', '1989-01-27 20:17:31', 'Hồ Giang Tường', NULL, NULL),
('15882a38-218c-7556-3280-de64d090a2c2', 'B-60806', 'Bơ', 'Đóng gói', '7MS1179943F5TZWJJ48037G40EML0F', '', 0, 249, '2018-11-28', 'Aut dolor porro voluptas dolor officia. Alias perspiciatis perferendis et odit ullam. Et est reprehenderit ut perferendis ut! Iusto ratione sed...', '1cab3f5f-2daa-759f-e936-63d5d5eff719', '6b47b37f-3123-3ce7-14cf-9712082ff6cb', '2021-04-24 00:00:00', 'Ngô Thị Diễm', '2022-05-23 20:37:16', 'Đoàn Hùng Thanh'),
('15acfdfd-12d7-52f6-2777-d9ebc53aac3d', 'M-64854', '', NULL, 'AEU8RGDD', '', 1, 37, '1970-03-17', 'Perspiciatis adipisci eaque. Sed optio unde. Veniam et itaque! Nulla unde dolorem. Doloremque quia harum. Nostrum dolorem at; odit nostrum et. Ea tempora...', '79aca385-65e3-1ebe-f488-479bce9b28fc', '1b691e79-236d-5b5a-9d20-39c2f00615e8', '1970-01-01 00:01:16', 'Nguyễn Thị Nhiên', NULL, NULL),
('15f7fc94-6dce-3bce-2680-de64d090a2c2', 'M-66554', '', NULL, NULL, '', 1, 443, '1972-01-23', 'Quae rerum doloribus. Vero ipsum voluptatem ipsum quisquam! Dolorem sed aspernatur beatae? Quo natus accusantium unde fugiat facere. Libero tempore quia.', '67f532a4-1158-2919-d1eb-e423f1575e00', '1b691e79-236d-5b5a-9d20-39c2f00615e8', '1970-01-01 00:12:33', '', NULL, NULL),
('1630913e-76d8-4524-f71d-086412a8ea97', 'M-40685', '', NULL, '4I40', '', 1, 584, '1971-04-17', 'Adipisci quod hic. Laboriosam rerum est; consequuntur nemo aut. Ea vitae modi. Sed architecto et. Explicabo fuga alias. Ipsam quaerat accusantium.', '153105e0-6702-29ed-7632-03c92da59c43', '15d0d796-1465-4665-fc83-196123975cb2', '1972-10-08 13:33:28', 'Nguyễn Đình Dũng', '2015-06-11 13:23:20', 'Lương Thị Tường'),
('1737c16a-1277-1be3-3bc2-579daad24557', 'M-78081', '', '', 'QC8N4GG5', '', 0, 8, '1998-08-03', 'Alias omnis a ut amet distinctio modi. Aut facilis illo. Aut ea totam cumque voluptas eveniet reiciendis!', '73612d31-3ee3-7447-8e7d-817a123d365d', '3700cc49-55b5-69ea-4929-a2925c0f334d', '1981-09-05 17:53:40', 'Đoàn Thị Chi', '2022-04-07 09:07:48', 'Lương Thị Kệ'),
('17533c84-1985-633c-83f6-423b4e874d0f', 'M-35266', 'Thạch rau câu', 'Hàng tự chế', 'HE0B23', '', 1, 546, '1981-10-17', 'Doloribus vitae explicabo. Harum officiis vel! Ipsa perspiciatis distinctio. Et consequatur reprehenderit! Labore similique nisi. Error placeat voluptatem.', '48b51439-3625-6c0c-7532-03c92da59c43', '36104b10-705b-57a8-83c0-08fd2f807219', '1970-01-01 01:11:48', 'Cao Thái Đạt', '2015-05-26 09:52:01', 'Đào Hảo Khôi'),
('17872e95-3d24-6d1a-32c2-579daad24557', 'M-82162', '', 'Đóng gói', '947194SW4M7L9SN93Y88N2KKT1AE9ZJJ08IYNCM7BNC1Q2Q6K72G8W8LNS9161W52RNDO7ARNDGWUA9B4X326V2X7J3NP43EQ6W74707O77JXPBHI63D0', '', 0, 374, '2009-03-28', 'Voluptatum corporis sit. Labore omnis aspernatur. Voluptates quos quaerat. Eaque excepturi cupiditate; sint distinctio rem. Veniam qui delectus! Est quaerat.', '71952621-23c8-61d2-d0eb-e423f1575e00', '15d0d796-1465-4665-fc83-196123975cb2', '1988-02-08 00:03:12', 'Hà Ngọc Khôi', '2014-04-18 00:45:46', 'Thái Thị Thục'),
('183d7fea-247d-172e-3677-d9ebc53aac3d', 'M-86019', 'Trà sữa', 'Hàng xuất khẩu', NULL, '', 1, 530, '2004-03-07', 'Ut doloremque aut. Iure ut officia. Ex odio temporibus? Et molestias id. Eveniet dolorem perspiciatis. Beatae placeat aut; rem accusamus velit; aut maiores.', '67f532a4-1158-2919-d1eb-e423f1575e00', '354f1b13-17bf-1b52-87d5-ba100c6f7bce', '1995-08-04 09:10:44', 'Liễu Yến An', '1982-07-04 10:27:33', 'Vũ Tường Dũng'),
('184de98f-2046-1e3f-3377-d9ebc53aac3d', 'M-08403', 'Chân châu', '', '12DW81WX49L', NULL, 1, 12, '1970-10-31', 'Magnam ullam rerum. Suscipit qui nam. Error molestiae possimus. Ab earum voluptatum. Voluptatem modi eum. Non debitis molestiae. Voluptate similique fugiat.', '71952621-23c8-61d2-d0eb-e423f1575e00', '15d0d796-1465-4665-fc83-196123975cb2', '1983-05-30 13:36:11', 'Ninh Bảo Thục', '1991-05-13 23:04:45', 'Phí Tường Thanh'),
('1894486a-2191-4a91-ccd2-89b22d10517e', 'M-98138', '', '', 'EB57JF6WBIM6OC39W8WN8ZZZ5X5477I', '', 1, 699, '1970-03-09', 'Omnis necessitatibus id. Quia consequatur cupiditate. Voluptatem molestias omnis. Totam eos et quia? Omnis sunt quia et ea.', '74b4ef62-677e-21c3-88db-f21ac591aca5', '6b47b37f-3123-3ce7-14cf-9712082ff6cb', '1970-01-01 00:01:08', 'Tô Hoàng Tài', NULL, NULL),
('18baaac1-2b18-2317-b9d2-89b22d10517e', 'M-04756', '', '', '2976PYSLUQ7O38FFSDVH2KQBXWPBZ97W6I026MO5LAV6KA4MLRD2N87U5EJ5G9DT', NULL, 0, 83, '1973-11-11', 'Explicabo in laudantium. Et omnis quia? Soluta molestiae rerum! Error debitis minima. Modi voluptate eveniet? Dolores voluptates quaerat! Voluptas earum.', '174ffc6c-4080-4bc3-a126-71cca92946bf', '354f1b13-17bf-1b52-87d5-ba100c6f7bce', '1984-02-13 09:01:26', 'Đoàn Văn Quang', '1975-10-27 21:07:33', 'Hà Văn Đăng'),
('18bbd5d8-6c2d-154c-bad2-89b22d10517e', 'M-32151', '', 'Hàng xuất khẩu', '2', '', 1, 718, '2013-02-05', 'Impedit odio sed. Sed et ut. Amet perferendis illo? Et corrupti non. Omnis voluptatem dignissimos; dolor vel labore? Ut qui velit.', '1cab3f5f-2daa-759f-e936-63d5d5eff719', '37dd9bb0-4c53-4134-31de-23e177779933', '1983-09-28 00:42:42', 'Triệu Thị Thảo', '1992-01-17 21:10:14', 'Lương Thị Mai'),
('18d2ec1b-61c5-1896-2ec2-579daad24557', 'M-00859', 'Dầu ăn', '', '77ZS6GGAIX1JCF5T0IM4EU', '', 1, 184, '1978-04-13', 'Quia veniam perferendis saepe veritatis. Labore voluptatem dolores error est. Tempora eaque sint sed? Nisi ut et unde!', '19029793-2caa-7372-e03d-c9e9e9038fe2', '354f1b13-17bf-1b52-87d5-ba100c6f7bce', '2017-12-18 22:06:55', 'Cao Văn Khôi', NULL, NULL),
('1906737f-3aed-5704-1777-d9ebc53aac3d', 'M-00257', '', '', 'M71S0LDC2Q87', '', 1, 435, '2004-08-14', 'Incidunt vitae aliquid. Repudiandae totam accusamus. Impedit sequi ipsum. Placeat corporis omnis. Neque a accusantium. Incidunt impedit magnam! Dolores non.', '71952621-23c8-61d2-d0eb-e423f1575e00', '25c6c36e-1668-7d10-6e09-bf1378b8dc91', '1980-01-20 06:18:39', 'Thái Bảo Nhung', NULL, NULL),
('190d326c-39c7-2e98-8280-7ed9d1ea06ea', 'M-94181', '', 'Hàng nhập khẩu', 'WO1JIB0746P7500R340', '', 0, 9, '1982-07-17', 'Qui laborum maxime. Sed architecto et; voluptates voluptatem optio? Fugit dolores eaque. Enim sed velit. Sint modi natus. Similique quis quas? Nostrum illum.', '73612d31-3ee3-7447-8e7d-817a123d365d', '1b691e79-236d-5b5a-9d20-39c2f00615e8', '1979-09-04 15:03:48', 'Triệu Hùng Văn', '1970-01-01 00:00:05', 'Trần Yến Hân'),
('19208572-271c-6122-3177-d9ebc53aac3d', 'M-29073', 'Cocacola', NULL, 'A1N144801T2L1062B894G', '', 1, 461, '1970-12-21', 'Voluptates reprehenderit iste eos ut neque eum. Corporis impedit libero voluptas voluptatem accusamus sed.', '19029793-2caa-7372-e03d-c9e9e9038fe2', '3b86d2ed-446c-5fce-56be-406293204378', '1970-01-01 00:05:55', 'Đàm Thái Trung', NULL, NULL),
('19256041-7623-2834-6df6-423b4e874d0f', 'M-23305', '', NULL, 'H0GFPQAUC0F837HK96THANWI', '', 1, 8, '1977-04-28', 'Fugiat hic vero corporis deserunt quas eum. Vero omnis quia dolorem et sit ut.', '447816de-6069-15bf-de3d-c9e9e9038fe2', '354f1b13-17bf-1b52-87d5-ba100c6f7bce', '2004-11-24 17:55:59', 'Thái Minh Thanh', NULL, NULL),
('192b3b9d-5e60-3b13-5b80-7ed9d1ea06ea', 'M-17232', 'Thạch đen', 'Hàng tự chế', 'D', '', NULL, 8, '1971-01-07', NULL, '71952621-23c8-61d2-d0eb-e423f1575e00', '3700cc49-55b5-69ea-4929-a2925c0f334d', '1970-01-01 00:06:12', NULL, '1992-05-25 09:43:29', 'Liễu Gia Hân'),
('197fda97-5a35-781d-0e77-d9ebc53aac3d', 'M-82080', '', 'Hàng tự chế', '393JM7E1D2C2X0MP2V9LF89T7J99O5URS798EPL4', '', NULL, 835, '2002-10-26', NULL, '3541ff76-58f0-6d1a-e836-63d5d5eff719', NULL, '2013-05-27 11:07:48', NULL, NULL, NULL),
('199db575-444b-2633-6880-7ed9d1ea06ea', 'M-69508', '', '', '5V6198K92E6448B559G', '', 1, 5, '2019-04-15', 'Omnis consequatur quia ut; voluptas nostrum quos molestias vero et. Eligendi eius omnis. Ullam commodi a? Veniam non culpa; consequuntur sed adipisci.', '74b4ef62-677e-21c3-88db-f21ac591aca5', '37dd9bb0-4c53-4134-31de-23e177779933', '1998-10-08 06:50:09', 'Tô Văn Đăng', '1970-01-01 00:00:07', 'Lê Thị Châu'),
('19ba0efd-5fb7-60c5-5d35-0028ed526dd0', 'M-84276', 'Kem Merino', '', '64TD676841', '', 0, 42, '1970-03-01', 'Dicta iure qui quod et aliquam magnam. Similique perspiciatis qui repellat voluptates autem eaque!', '153105e0-6702-29ed-7632-03c92da59c43', '1b691e79-236d-5b5a-9d20-39c2f00615e8', '1970-01-01 00:01:00', 'Phí Văn Quang', NULL, NULL),
('1a03b81f-4e62-61a7-56c2-579daad24557', 'M-68951', 'Bia Trúc Bạch', '', NULL, '', 1, 343, '1970-04-21', 'Ea eum iste velit neque est. Ut dolorem aut necessitatibus unde placeat. Dolores tempore est. Est iste delectus commodi.', '1cab3f5f-2daa-759f-e936-63d5d5eff719', '3700cc49-55b5-69ea-4929-a2925c0f334d', '2016-05-19 05:53:18', 'Nguyễn Ngọc Khôi', NULL, NULL),
('1a1775e2-2a1b-1605-4080-de64d090a2c2', 'M-71243', 'Dầu ăn', 'Hàng nhà máy', 'E', '', NULL, 110, '1972-07-15', NULL, '174ffc6c-4080-4bc3-a126-71cca92946bf', '36104b10-705b-57a8-83c0-08fd2f807219', '1970-01-01 00:15:27', NULL, '1979-08-12 20:37:38', 'Đồng Hiếu Tài'),
('1a5e12b6-47bc-2bc1-7380-7ed9d1ea06ea', 'M-46533', '', 'Hàng nhà máy', 'Q41', '', 1, 782, '1976-06-18', 'Cupiditate iusto minus a eum magni veritatis. Iure dolorem ad? Esse dolorem eius. Omnis eos vel. Sunt quod molestiae. Qui expedita enim.', '1cab3f5f-2daa-759f-e936-63d5d5eff719', '25c6c36e-1668-7d10-6e09-bf1378b8dc91', '1970-05-26 08:01:59', 'Ngô Đình Khoa', NULL, NULL),
('1a7000fc-53a9-670b-1b35-60b3ebf808a9', 'M-13498', 'Hạt hHướng dương', '', NULL, '', 0, 161, '1981-02-05', 'Voluptatem aut accusamus cupiditate et. Accusamus provident eos in natus! Illo nostrum dolor vel. Maiores nihil accusantium ex omnis. Qui neque sit.', '174ffc6c-4080-4bc3-a126-71cca92946bf', '37dd9bb0-4c53-4134-31de-23e177779933', '1997-01-30 07:53:19', 'Trần Tường Thanh', '1989-06-09 21:57:35', 'Phí Văn Vĩ'),
('1aae7de9-58a5-49fe-3a77-d9ebc53aac3d', 'M-11075', 'Dầu ăn', NULL, 'CN4EMSQW255JDNFP2YD1KW3Z8C9IJ501YD8MBD', NULL, NULL, 175, '2008-12-25', NULL, '174ffc6c-4080-4bc3-a126-71cca92946bf', '3700cc49-55b5-69ea-4929-a2925c0f334d', '2011-04-25 23:09:49', NULL, NULL, NULL),
('1b05fdba-145b-7ab0-8d41-c1ec321fe728', 'M-71225', 'Bia Trúc Bạch', '', 'MM81PW3E4P31FE3FXJVU10C8S859', '', 1, 543, '1984-01-20', 'Voluptatem dolor exercitationem quaerat hic eligendi saepe. Aliquam sapiente iure assumenda est deserunt doloribus.', '39446ba3-3071-7af6-a5a9-deaf32c96293', '25c6c36e-1668-7d10-6e09-bf1378b8dc91', '1987-10-19 06:34:25', 'Tô Thị Nhung', NULL, NULL),
('1b972dfb-67eb-5f25-39c2-579daad24557', 'M-28463', '', '', '11', '', 1, 275, '1995-06-08', 'Voluptatem aperiam nihil. Consectetur eius quia error sed fugit. Cum suscipit qui! Sit quia deserunt. Quis aut eum! Delectus qui sed.', '423d5b84-2191-6cce-df3d-c9e9e9038fe2', '3b86d2ed-446c-5fce-56be-406293204378', '1988-09-07 07:13:42', 'Nguyễn Thị Diễm', NULL, NULL),
('1bcadda9-15da-3352-4477-d9ebc53aac3d', 'Dă-60804', 'Dầu ăn', 'Hàng tự chế', '5B20CJ8O598CIDPF13C52PZ74V0H', '', 0, 984, '1970-12-20', 'Quia dolorem quaerat; hic excepturi vel. Perferendis nostrum quae. Voluptatem eveniet ullam. Facilis impedit sed. Iusto ipsam animi. Quia veritatis ex.', '3541ff76-58f0-6d1a-e836-63d5d5eff719', '3700cc49-55b5-69ea-4929-a2925c0f334d', '2021-01-12 00:00:00', 'Nguyễn Tường Thắng', '2022-05-23 20:37:29', 'Đàm Thị Diệp'),
('1bd700df-4b1c-4b0b-2d35-60b3ebf808a9', 'M-61219', '', '', NULL, NULL, NULL, 706, '1970-01-26', NULL, '71952621-23c8-61d2-d0eb-e423f1575e00', '37dd9bb0-4c53-4134-31de-23e177779933', '1970-01-01 00:00:26', NULL, '2005-03-26 13:20:18', 'Đoàn Trọng Thắng'),
('1bfa435a-7feb-1a6b-3b80-de64d090a2c2', 'M-47237', 'Kem Tràng Tiền', '', '6972V6RDRCHC5X', '', 0, 893, '1974-09-27', 'Ut quasi maxime. Omnis maiores animi iste qui. Vel non sunt animi voluptatem. Deleniti dolor error! Iste optio libero. Officia aliquam omnis.', '67f532a4-1158-2919-d1eb-e423f1575e00', '15d0d796-1465-4665-fc83-196123975cb2', '1974-06-03 23:56:06', 'Vũ Hảo Cường', NULL, NULL),
('1c786aba-42d4-53cc-3580-de64d090a2c2', 'M-55145', '', 'Hàng tự chế', '6J4J7Y72KFA42CL5EW5B95988A06W019HVCT592ZETQ7SBB1798UIV9994E6E95MC1U56HPKW7F3XTNP00A00I2SR9HUV5990249CJ0', '', 1, 173, '1976-12-18', 'Nobis sequi ea vel quasi quia. Explicabo commodi tenetur. Aut ut reprehenderit? Qui sed et. Ut perspiciatis et! Ea autem debitis.', '79aca385-65e3-1ebe-f488-479bce9b28fc', '25c6c36e-1668-7d10-6e09-bf1378b8dc91', '1984-11-21 13:03:55', 'Đào Tường Vĩ', '2012-06-28 21:15:22', 'Đào Đình Thắng'),
('1c81ee21-5452-337b-3c77-d9ebc53aac3d', 'M-16277', 'Kem Merino', '', 'C746QFX39X454A1B221Y12VLU0', '', 1, 168, '2000-08-05', 'Optio reprehenderit qui ratione et natus mollitia.', '3541ff76-58f0-6d1a-e836-63d5d5eff719', '148ed882-32b8-218e-9c20-39c2f00615e8', '1976-06-07 02:25:52', 'Thái Trần Phước', '2009-01-23 14:58:05', 'Thái Thị Tường'),
('1c903ec2-2941-7cc6-dcd2-89b22d10517e', 'M-77048', 'Quýt', '', 'X1J331346VIZ78PL74N60X6F815QG6R6NSZ09QMG7GAZEIQGR435556AQ8TMW2G16FV637X0K56G38L8BYE', '', 0, 449, '2010-09-04', 'Dolor maiores aliquam. Itaque voluptatem doloremque? Ut quia facere; consequatur aspernatur iusto. Labore omnis itaque. Voluptatum ratione vitae. Sunt labore.', '67f532a4-1158-2919-d1eb-e423f1575e00', '3700cc49-55b5-69ea-4929-a2925c0f334d', '1975-11-19 12:43:59', 'Đàm Thị Anh', '2001-09-22 07:54:53', 'Trần Hiếu Kiên'),
('1c98cac7-2784-73af-43c2-579daad24557', 'M-59314', 'Ốc quế', '', '8I324O1F8XZ3O02N720C5EELG5275OR178EM865F0XM0CNWJ95YSD8WQ1942S22210UAX68727R3PP8FK843C1', '', NULL, 576, '1970-01-29', NULL, '71952621-23c8-61d2-d0eb-e423f1575e00', '36104b10-705b-57a8-83c0-08fd2f807219', '1970-01-01 00:00:29', NULL, '2009-01-30 18:41:59', 'Lê Văn Cường'),
('1ca4f185-7203-2a84-40c2-579daad24557', 'M-00948', '', 'Hàng nhà máy', 'Z5V6FO6L9GIXI56408CS6C758', '', NULL, 897, '1976-10-22', NULL, '3541ff76-58f0-6d1a-e836-63d5d5eff719', '148ed882-32b8-218e-9c20-39c2f00615e8', '2004-10-08 22:43:50', NULL, NULL, NULL),
('1d05a704-5376-15ba-1477-d9ebc53aac3d', 'M-56821', '', 'Đóng gói', '03', '', 1, 673, '1977-09-04', 'Omnis aut omnis. Omnis aliquid maiores. Natus fuga aliquid. Et labore accusamus. Qui ut dignissimos? Soluta est enim. Natus quia corporis. Ea voluptate odit.', '1cab3f5f-2daa-759f-e936-63d5d5eff719', '148ed882-32b8-218e-9c20-39c2f00615e8', '2006-12-09 06:03:35', 'Lê Thái Huy', '1970-01-01 02:04:26', ''),
('1d21993b-3612-2485-1035-60b3ebf808a9', 'M-54197', 'Bia Hà Nội', '', 'T7FGUSLMHC1GBTX21N06', '', NULL, 708, '1970-02-27', NULL, '1944b789-48b3-5241-f588-479bce9b28fc', '6b47b37f-3123-3ce7-14cf-9712082ff6cb', '1970-01-01 00:00:58', NULL, '1977-10-25 01:18:24', 'Vũ Ngọc Trung'),
('1dc115ba-6479-33a7-44c2-579daad24557', 'M-19548', '', 'Hàng xuất khẩu', 'D117II7XX6VM8B4I2006ZINJ477SSCJET0Y', '', 0, 179, '2001-01-18', 'Ut et ab praesentium ipsa et. Cum animi voluptatum. Ut accusantium et! Voluptatem possimus distinctio. Praesentium eaque ut. Et ad velit!', '423d5b84-2191-6cce-df3d-c9e9e9038fe2', '148ed882-32b8-218e-9c20-39c2f00615e8', '2018-10-26 18:52:00', 'Đào Gia Châu', '1970-01-01 00:00:54', 'Đồng Yến Thảo'),
('1e0613d9-772c-28c1-9541-c1ec321fe728', 'M-48897', '', '', '7P72Z1O6BR19', '', 0, 976, '1970-01-07', 'Earum ut illum sit architecto magni quia.', '153105e0-6702-29ed-7632-03c92da59c43', '15d0d796-1465-4665-fc83-196123975cb2', '1970-01-01 00:00:07', 'Tô Tường Tài', '1970-01-01 01:24:55', 'Vũ Yến Khuê'),
('1e2dfa96-54fc-3a0e-5f35-0028ed526dd0', 'M-66278', '', 'Hàng nhà máy', '17GH33EYN9VL8ZF2', '', 1, 392, '1988-06-28', 'Voluptate libero qui officia atque. Necessitatibus sed aliquid quia! Numquam ut qui dolor ea rerum? Quis perspiciatis qui. Exercitationem qui ipsam.', '153105e0-6702-29ed-7632-03c92da59c43', '15d0d796-1465-4665-fc83-196123975cb2', '2009-05-17 22:47:52', 'Hà Thị An', '1970-01-01 00:06:23', 'Đoàn Văn Kiên'),
('1e5ce342-2eec-79a4-5380-7ed9d1ea06ea', 'M-26570', 'Chân châu', 'Hàng nhà máy', '045N6T0S996877905H50X504WE2253W', '', 0, 275, '2004-04-01', 'Perspiciatis incidunt ipsum nobis omnis non. Nesciunt sed cum; qui eius et. Ut vitae est? In dolore alias; voluptatem velit inventore.', '39446ba3-3071-7af6-a5a9-deaf32c96293', '36104b10-705b-57a8-83c0-08fd2f807219', '1986-01-27 09:15:33', 'Triệu Văn Thắng', NULL, NULL),
('1e5e96fa-5d7a-599d-27c2-579daad24557', 'M-83395', 'Hạt bí', '', '4WTO14K2BMFA19V', '', 1, 916, '2018-03-02', 'Voluptates harum et quod quo. Non quod ut voluptate! Aut et hic sed? Optio a deserunt ut provident aut!', '73612d31-3ee3-7447-8e7d-817a123d365d', '36104b10-705b-57a8-83c0-08fd2f807219', '1982-01-30 15:44:10', 'Lương Hoàng Hoàng', NULL, NULL),
('1e80d89e-6fae-4a9d-d8d2-89b22d10517e', 'M-38701', '', 'Hàng nhà máy', '65', NULL, 1, 955, '1970-09-13', 'Natus explicabo error. Cumque blanditiis temporibus qui modi error omnis. Minima adipisci ut et aut quod dolorem.', '67f532a4-1158-2919-d1eb-e423f1575e00', '354f1b13-17bf-1b52-87d5-ba100c6f7bce', '1970-01-01 00:04:16', 'Liễu Thị Kệ', '1991-10-29 17:06:22', 'Lê Hảo Đăng'),
('1f85f165-3ed3-370a-b7d2-89b22d10517e', 'M-09669', 'Quẩy', 'Hàng xuất khẩu', '67J163', '', 1, 712, '2002-04-24', 'Modi aperiam reiciendis. Facilis suscipit laborum et natus sit inventore; voluptatem recusandae ut expedita sapiente dolores libero.', '71952621-23c8-61d2-d0eb-e423f1575e00', '354f1b13-17bf-1b52-87d5-ba100c6f7bce', '1994-11-04 10:43:10', 'Trần Văn Đăng', '1973-06-18 10:16:19', 'Lương Văn Trung'),
('1f88699a-3e19-718a-d81d-086412a8ea97', 'M-57925', '', 'Hàng nhập khẩu', '0G', '', 1, 460, '1977-01-14', 'Et nostrum autem. Non laborum blanditiis. Ducimus amet nisi; quasi sunt reiciendis. Facere quae ut! Quo quis necessitatibus. Nesciunt fuga sit; provident.', '74b4ef62-677e-21c3-88db-f21ac591aca5', '25c6c36e-1668-7d10-6e09-bf1378b8dc91', '1994-09-02 20:23:48', 'Cao Hoàng Thắng', '1998-09-12 18:19:02', 'Cao Hùng Tài'),
('1f8f0fbf-1f52-3ca3-55c2-579daad24557', 'M-79366', '', '', '2W582XD51NBS28RVHT61XB10N9IA3C6O7', NULL, NULL, 417, '1986-11-06', NULL, '1944b789-48b3-5241-f588-479bce9b28fc', '3700cc49-55b5-69ea-4929-a2925c0f334d', '1973-10-02 14:27:43', NULL, '1970-01-01 00:00:09', 'Đào Thị Vy'),
('1fbf8e6f-17d3-6a04-2180-de64d090a2c2', 'M-69021', '', '', 'I32ZT007173U81EL0HM0ER2B920U636L86XDK3', '', 1, 242, '1982-08-13', 'Sunt similique et blanditiis libero quis deleniti...', '153105e0-6702-29ed-7632-03c92da59c43', '15d0d796-1465-4665-fc83-196123975cb2', '1979-10-17 02:08:13', '', '1983-03-22 06:23:56', 'Triệu Giang Ngọc'),
('1fecd07f-2488-638c-8141-c1ec321fe728', 'M-87811', 'Trà đào', 'Hàng tự chế', 'VMP0X1O8', '', 1, 268, '1991-04-22', 'Sint voluptas aut. Voluptates et voluptatibus. Rerum laboriosam sint; est ad voluptatem. Est nesciunt molestias. Recusandae aut hic! Cupiditate ut eligendi.', '74b4ef62-677e-21c3-88db-f21ac591aca5', '3b86d2ed-446c-5fce-56be-406293204378', '2016-06-01 22:41:21', 'Phí Thị Kệ', '2000-01-11 10:02:25', 'Đồng Đình Tài'),
('20185adb-3016-3207-ac41-c1ec321fe728', 'M-44115', '', 'Hàng nhà máy', NULL, '', NULL, 106, '1970-03-09', NULL, '73612d31-3ee3-7447-8e7d-817a123d365d', '1b691e79-236d-5b5a-9d20-39c2f00615e8', '1970-01-01 00:01:08', NULL, '2021-12-07 18:22:13', 'Trương Thái Thanh'),
('201b9639-5997-303c-5880-7ed9d1ea06ea', 'M-05237', '', NULL, 'C8107E1T032E9', '', 1, 522, '1980-04-04', 'Nostrum inventore reprehenderit. Iusto sint quasi! Aut perferendis voluptatem. Sit ea aut. Est nisi id. Ea voluptatem ea? Iure sunt qui.', '1cab3f5f-2daa-759f-e936-63d5d5eff719', '37dd9bb0-4c53-4134-31de-23e177779933', '1989-03-17 03:47:04', 'Triệu Văn Thanh', NULL, NULL),
('20aa876a-25c5-7bfa-3977-d9ebc53aac3d', 'M-74651', '', '', '7865T09YOLY279H87', '', 0, 733, '1988-04-10', 'Velit sunt qui. Expedita nam ut! Inventore eos dolore. Ut ex iste. Sit error sed. Quia accusamus consequatur. Est ea qui; dolore sequi nihil.', '71952621-23c8-61d2-d0eb-e423f1575e00', '148ed882-32b8-218e-9c20-39c2f00615e8', '2019-11-01 20:20:47', 'Liễu Thị Diễm', '1991-02-19 15:46:31', 'Liễu Thị Thư'),
('2107e2a5-49f8-237b-5780-7ed9d1ea06ea', 'M-15799', '', 'Hàng xuất khẩu', '754V8B4I2DYZ2R7S', NULL, NULL, 832, '1989-01-03', NULL, '71952621-23c8-61d2-d0eb-e423f1575e00', '6b47b37f-3123-3ce7-14cf-9712082ff6cb', '2015-02-18 01:39:09', NULL, NULL, NULL),
('2111e63d-50f8-6b2b-6980-7ed9d1ea06ea', 'M-40536', '', '', NULL, '', 1, 827, '1970-02-18', 'Autem adipisci et. Sit ea esse. Doloribus rem quis. Est nostrum et. Corporis in excepturi. Iusto cumque ut; illum tempore nihil.', '174ffc6c-4080-4bc3-a126-71cca92946bf', '148ed882-32b8-218e-9c20-39c2f00615e8', '1970-01-01 00:00:49', 'Cao Hảo Tài', '1988-02-19 12:01:05', 'Trần Thị Diễm'),
('212a5f62-4eb8-203c-4035-0028ed526dd0', 'M-98947', '', '', 'OMJ50129ECKB4GJ3B6HR6E8C4F68L8415VFQCG0WK63RRTA16G98779GX747AS2F84JUD3476OZ5G422R358', '', 0, 568, '1997-01-24', 'Rerum recusandae soluta odit dolores unde quasi. Vero fuga vel. Accusantium explicabo iste. Reprehenderit deserunt magni. Laborum perspiciatis dolore. Et.', '447816de-6069-15bf-de3d-c9e9e9038fe2', '25c6c36e-1668-7d10-6e09-bf1378b8dc91', '1977-02-12 11:00:43', 'Lương Giang Tú', NULL, NULL),
('214977d8-66ff-5762-1335-60b3ebf808a9', 'M-21580', 'Kem chanh', 'Hàng tự chế', 'B596650KJC1P20907996C2OKFLW9J772N71P0282B518VIX8N60VF8NZKFN', '', NULL, 121, '1970-03-16', NULL, '2102924a-510c-7251-a026-71cca92946bf', '3b86d2ed-446c-5fce-56be-406293204378', '1970-01-01 00:01:15', NULL, '1978-02-25 03:54:53', 'Ninh Hảo Tài'),
('215aec27-30a3-7cbd-3d77-d9ebc53aac3d', 'M-91556', 'Dưa hấu', 'Hàng nhà máy', '448NSWOFKYS', '', 1, 119, '1991-03-12', 'Dolore magnam provident. Quasi vel ut! Delectus velit porro. Aut natus quo! Aspernatur neque modi. Sequi unde qui. Natus odio ut!', '423d5b84-2191-6cce-df3d-c9e9e9038fe2', '6b47b37f-3123-3ce7-14cf-9712082ff6cb', '2003-03-27 20:33:54', 'Giang Hảo Vĩ', '1983-10-18 17:47:52', 'Tô Văn Thanh'),
('21ae5078-5e68-3790-6af6-423b4e874d0f', 'M-91870', 'Hồng trà', '', 'C3AT42N7Q54T9Q034155ZI653T8010', '', 0, 1, '1970-01-12', 'Dolor quae et. Fugit reiciendis odio. Odio consequatur provident. Adipisci maiores fugit. Exercitationem suscipit eos. Velit unde distinctio? Laborum ad illo.', '39446ba3-3071-7af6-a5a9-deaf32c96293', '15d0d796-1465-4665-fc83-196123975cb2', '1970-01-01 00:00:12', 'Vũ Thị Anh', NULL, NULL),
('21c73cb5-1e05-4664-84f6-423b4e874d0f', 'M-96318', 'Kem chanh', 'Hàng nhập khẩu', '3A37Z337BBC', '', 0, 6, '1987-01-04', 'Odio unde sed. Autem natus quia. Voluptatem enim soluta? Voluptatibus sit numquam. Maxime consequatur deserunt. Ad magni ut! Laboriosam reprehenderit.', '48b51439-3625-6c0c-7532-03c92da59c43', '148ed882-32b8-218e-9c20-39c2f00615e8', '2019-02-11 15:42:06', 'Lương Thị Ngọc', '1995-06-21 12:19:35', 'Nguyễn Thị Chi'),
('22732821-2015-1da3-4335-0028ed526dd0', 'M-75580', 'Cam', NULL, 'UI7A8WI36WW4B1CLYD00VB573OQ4E3YX1EFGG92X', '', 0, 787, '1976-10-27', 'Qui sit et. Voluptatem rerum similique. Quia tempore ex; illo nostrum nemo. Id ipsum laboriosam. Possimus voluptatem et! Porro et sit? Aut facilis saepe.', '153105e0-6702-29ed-7632-03c92da59c43', '25c6c36e-1668-7d10-6e09-bf1378b8dc91', '1972-04-12 05:23:25', 'Nguyễn Trần Trung', NULL, NULL),
('22855139-75a6-5c36-a341-c1ec321fe728', 'M-21057', '', NULL, 'GN9996L22CMS7P8VY5ZJY3ZR1Q8JE2W956', '', NULL, 482, '1982-03-23', NULL, '153105e0-6702-29ed-7632-03c92da59c43', '15d0d796-1465-4665-fc83-196123975cb2', '1970-01-01 01:14:25', NULL, NULL, NULL),
('22bba567-6206-6bf1-0c35-60b3ebf808a9', 'M-59295', '', '', 'L15N3ZX466N21', '', 0, 191, '1986-05-09', 'Facilis at est rerum perspiciatis quibusdam aut.', '174ffc6c-4080-4bc3-a126-71cca92946bf', '37dd9bb0-4c53-4134-31de-23e177779933', '1997-12-21 21:28:00', 'Đàm Thị Nhi', '1970-01-01 00:00:49', 'Đoàn Trọng Minh'),
('22bfe5ef-6c16-31e4-4577-d9ebc53aac3d', 'M-21052', 'Bia Hà Nội', NULL, 'Q2Z23CF2QV2U306A03R24GA7O9UPXX400M800600W763VGEO6290C', '', 1, 646, '1975-07-15', 'Quia officia nesciunt quod qui. Sed qui tenetur unde. Unde voluptatem quam. Aliquid voluptatem saepe aspernatur tempore molestiae modi.', '79aca385-65e3-1ebe-f488-479bce9b28fc', '1b691e79-236d-5b5a-9d20-39c2f00615e8', '2017-06-08 03:06:56', 'Đào Thị Kệ', '1983-12-19 03:01:06', 'Nguyễn Thị Ngân'),
('22cb30ef-3311-51f7-e21d-086412a8ea97', 'M-34221', 'Quẩy', 'Hàng nhà máy', 'R0Y4576ZLT3P41YJWZX9B3H04940ZKPR33N36537G70AJ9L0PNW4', '', 0, 428, '2006-09-25', 'Molestias dolores aperiam. Est rerum non. Sed nostrum nemo; mollitia exercitationem aut. Quia qui nemo! Provident odit optio? Accusamus eum unde; consequatur.', '447816de-6069-15bf-de3d-c9e9e9038fe2', '1b691e79-236d-5b5a-9d20-39c2f00615e8', '1979-10-20 12:05:42', 'Nguyễn Văn Khoa', '1977-09-13 21:17:31', 'Trương Thị Mai'),
('22df58b0-55d2-6108-2480-de64d090a2c2', 'M-58245', '', '', 'Q06L19X8RA6BAFQTI42630P6M', '', 0, 155, '1985-10-25', 'Odit error sit fugit ab omnis et...', '19029793-2caa-7372-e03d-c9e9e9038fe2', '15d0d796-1465-4665-fc83-196123975cb2', '1970-01-01 01:36:17', 'Liễu Hiếu Cường', '1970-01-01 00:33:05', 'Giang Thị Diễm'),
('22e1c5f6-3888-6d33-6435-0028ed526dd0', 'M-90107', 'Bia Đức', '', 'K778A8NXM2J49', '', NULL, 7, '1994-02-01', NULL, '447816de-6069-15bf-de3d-c9e9e9038fe2', '1b691e79-236d-5b5a-9d20-39c2f00615e8', '1970-01-01 02:26:38', NULL, NULL, NULL),
('22ef197e-5586-3911-a741-c1ec321fe728', 'M-27595', '', 'Hàng nhập khẩu', 'V3R904TUMN691S13Y3818UPP9E7T8WYS4TVM40DJ8M8X2TA755G57EC6HQKJRA', NULL, 0, 352, '1985-06-10', 'Recusandae eaque dolorum et molestias quia. Voluptatem sit ipsum provident exercitationem; totam voluptatem nam et ipsa et repudiandae.', '2102924a-510c-7251-a026-71cca92946bf', '15d0d796-1465-4665-fc83-196123975cb2', '2004-05-10 13:15:38', '', '1972-04-20 23:20:32', 'Lê Đình Đăng'),
('22f0091b-523a-6c8e-4c35-0028ed526dd0', 'M-19471', '', 'Hàng đặt sẵn', NULL, '', NULL, 429, '1996-06-23', NULL, '74b4ef62-677e-21c3-88db-f21ac591aca5', '15d0d796-1465-4665-fc83-196123975cb2', '1970-01-01 02:41:11', NULL, '2012-10-13 01:09:02', 'Triệu Đình Văn'),
('231ea7f8-1468-6e29-5235-0028ed526dd0', 'M-37250', 'Kem Socola', '', 'QYDVWG56W9TBZU19S6O9Q3FQ3KWT10IFS8V5LWDN6J304FLS035', '', 1, 760, '1974-02-17', 'Similique molestiae tempora. Error ipsum reprehenderit! Quia dolores eos. Et ab dolor. Quia sint impedit. Voluptatem non quia. Autem enim doloremque?', '71952621-23c8-61d2-d0eb-e423f1575e00', '354f1b13-17bf-1b52-87d5-ba100c6f7bce', '1970-01-01 00:25:09', 'Lương Ngọc Diệp', NULL, NULL),
('23309faa-2375-4675-d5d2-89b22d10517e', 'M-61840', 'Bia Sài Gòn', 'Hàng nhập khẩu', 'ATGD0BE5M09QAG0GHLI3F113P8WQ6ZIPWH40UE8', '', 0, 901, '2002-08-27', 'Doloremque error repudiandae quaerat voluptatem dolor sequi. Placeat voluptas voluptatibus distinctio eum quibusdam libero!', '174ffc6c-4080-4bc3-a126-71cca92946bf', '354f1b13-17bf-1b52-87d5-ba100c6f7bce', '1990-10-06 21:41:27', 'Trương Thị Tường', '1974-10-06 00:04:14', ''),
('233d36ab-4bd0-431e-78f6-423b4e874d0f', 'M-07432', '', 'Đóng gói', '843L5X8V23PG42490AFRMWU9A1N69Y7WLYUQM576PJ59UL2X2CI', '', 0, 203, '1988-03-08', 'Ut labore quisquam sit voluptatem commodi. Labore soluta saepe veniam. Minima ut itaque unde magnam ducimus modi. Quam dolores ea.', '1cab3f5f-2daa-759f-e936-63d5d5eff719', '25c6c36e-1668-7d10-6e09-bf1378b8dc91', '1994-04-08 16:41:44', 'Hà Thị Ngọc', NULL, NULL),
('233ecbc6-1cc1-3923-6c35-0028ed526dd0', 'M-55920', '', 'Hàng xuất khẩu', 'X51ZGT', '', 1, 915, '1972-06-24', 'Sit libero ut nostrum provident quod. Vero ratione iste. Aperiam sint eveniet! Ipsum perspiciatis voluptates. Officiis ab nihil! Placeat quasi eum.', '19029793-2caa-7372-e03d-c9e9e9038fe2', '36104b10-705b-57a8-83c0-08fd2f807219', '1970-01-01 00:15:06', 'Đồng Thị Kệ', '1970-01-01 00:01:07', ''),
('234865cb-5d80-7244-70f6-423b4e874d0f', 'M-10333', 'Sữa', '', '31GQ156F7E0W1TKF6Q36E84PWK0SEE930', '', 0, 422, '1970-02-10', 'Velit nemo itaque non ipsum. Vel obcaecati corrupti dolor ullam pariatur? Unde distinctio dicta id. Tempore suscipit natus. Sed cumque aut.', '67f532a4-1158-2919-d1eb-e423f1575e00', '15d0d796-1465-4665-fc83-196123975cb2', '1970-01-01 00:00:41', 'Nguyễn Trọng Cường', '1984-10-23 07:41:00', 'Tô Thị An'),
('2356a2d8-7751-6f97-66f6-423b4e874d0f', 'M-04584', '', 'Hàng nhà máy', 'A389B0Q2KN6025V25I04SEYE29W383V', '', 0, 275, '1973-03-12', 'Voluptatem perspiciatis et ut iure culpa vitae. Voluptatem vel sequi voluptate fugit ad sed.', '67f532a4-1158-2919-d1eb-e423f1575e00', '25c6c36e-1668-7d10-6e09-bf1378b8dc91', '2002-01-09 12:40:55', 'Đồng Giang Khánh', '1971-03-28 13:35:49', 'Triệu Thảo Tiên'),
('237092c3-5684-7bb6-0a35-60b3ebf808a9', 'M-76626', 'Hạt hHướng dương', 'Hàng đặt sẵn', NULL, '', 0, 540, '2016-10-01', 'Hic nihil delectus. Quis corporis enim; voluptas recusandae iste. Dolorem suscipit omnis. Sit est distinctio? Sed assumenda magnam! Facere quis magnam.', '74b4ef62-677e-21c3-88db-f21ac591aca5', '25c6c36e-1668-7d10-6e09-bf1378b8dc91', '2002-07-19 08:48:07', 'Hồ Giang Hà', '2004-02-28 01:24:32', 'Đồng Thảo Thảo'),
('23fe9ba6-680a-2bb3-7a80-7ed9d1ea06ea', 'M-85451', 'Trà sữa', 'Đóng gói', 'J89H85O1H6BKS022YD1130GHD5', '', NULL, 334, '1970-01-08', NULL, '79aca385-65e3-1ebe-f488-479bce9b28fc', '3b86d2ed-446c-5fce-56be-406293204378', '1970-01-01 00:00:08', NULL, '2007-12-25 14:14:04', 'Ninh Thảo Chi'),
('2418250c-546d-6ca6-6a35-0028ed526dd0', 'M-81193', 'Trà chanh', 'Hàng nhập khẩu', '59PR2492JYZ5B14BA7NYEXUD7Q50MW9X5WVO7F84Z8', '', 1, 9, '1971-05-29', 'Blanditiis consequatur error. Voluptas est ratione. Et culpa laborum. Aut tenetur suscipit. Ipsam quis vero. Omnis sunt et; iste enim architecto.', '153105e0-6702-29ed-7632-03c92da59c43', '25c6c36e-1668-7d10-6e09-bf1378b8dc91', '1970-01-01 00:08:34', '', '1970-01-01 01:16:05', ''),
('244b1b16-56fc-1f92-73f6-423b4e874d0f', 'M-91330', '', 'Hàng nhập khẩu', 'HH5X98P3M3V116SNW902I6G4JVJTU054XXJ783FHB3R', '', 0, 161, '2010-01-20', 'Dolorum quos exercitationem; molestiae iste sunt rerum sit temporibus ipsam. Laudantium numquam laudantium? Et pariatur ut; sunt excepturi aut. Similique.', '153105e0-6702-29ed-7632-03c92da59c43', '15d0d796-1465-4665-fc83-196123975cb2', '1992-01-16 07:45:30', 'Ninh Thị Nhiên', '1971-10-12 05:30:36', 'Tô Thái Thanh'),
('24610a21-3494-40b6-d9d2-89b22d10517e', 'M-27116', 'Cam', '', NULL, '', 1, 5, '1970-03-07', 'A temporibus recusandae et. Aperiam ea ipsa nobis id nihil. Voluptatum iste magnam. Voluptatem ea provident! Omnis minima nostrum. Adipisci omnis non.', '74b4ef62-677e-21c3-88db-f21ac591aca5', '25c6c36e-1668-7d10-6e09-bf1378b8dc91', '1970-01-01 00:01:06', 'Lê Trần Khoa', '1980-09-03 20:17:27', ''),
('249a9a28-17fd-6149-ee1d-086412a8ea97', 'M-59111', '', '', '7SD1686PJ6J95T393DK48G', NULL, 0, 486, '2012-09-12', 'Exercitationem rerum dolorem. Id minus et. Minima iure voluptatem. Harum modi sed; sunt omnis sit. Tempora sit voluptatem. Veniam beatae ipsam.', '1cab3f5f-2daa-759f-e936-63d5d5eff719', '148ed882-32b8-218e-9c20-39c2f00615e8', '1989-05-23 05:25:06', 'Nguyễn Giang Vy', '1986-04-13 20:08:41', 'Ninh Văn Hoàng'),
('255b28ba-2177-6baf-0835-60b3ebf808a9', 'BN-60802', 'Bánh Ngon', '', '45TNM3MJ3P2026EN718JB9DHZCIGZOI8Z480S0K', '', 1, 594, '2007-06-18', 'Sunt nemo sunt numquam ullam error sed.', '153105e0-6702-29ed-7632-03c92da59c43', '3700cc49-55b5-69ea-4929-a2925c0f334d', '2020-07-22 00:00:00', 'Đồng Tường Minh', '2022-05-23 20:37:41', 'Tô Thị Ngọc'),
('256c7bfd-6225-4caa-3077-d9ebc53aac3d', 'M-20010', 'Kem chanh', '', 'M9616YF084C80YXYZ', NULL, 0, 354, '1980-11-13', 'Nisi tempore itaque error ipsum non illo. Eos tenetur laboriosam nam! Atque magnam quam. Ut suscipit aut laudantium eaque voluptates et.', '423d5b84-2191-6cce-df3d-c9e9e9038fe2', '36104b10-705b-57a8-83c0-08fd2f807219', '1992-11-22 03:25:40', 'Nguyễn Thị Chi', NULL, NULL),
('257199aa-33bb-3156-3680-de64d090a2c2', 'M-92986', '', 'Đóng gói', 'T124RHOSF3A846', '', 1, 101, '2003-12-13', 'Omnis nostrum error sapiente molestias similique deserunt. In porro reprehenderit et quaerat. Alias est sit cum in. Velit voluptatem voluptas.', '447816de-6069-15bf-de3d-c9e9e9038fe2', '36104b10-705b-57a8-83c0-08fd2f807219', '1995-11-19 17:09:42', 'Thái Minh Văn', NULL, NULL),
('257f267d-1259-4c3b-2e80-de64d090a2c2', 'M-43851', '', 'Hàng nhà máy', '2XARLB86GSX4KF1R5LN12A91C59V89H463884', NULL, 1, 6, '2001-08-30', 'Dolorem tempora voluptatibus; natus ut in. Labore expedita distinctio; libero veritatis nobis. Doloremque dolorem unde? Ipsa natus ut! Soluta ut odio.', '423d5b84-2191-6cce-df3d-c9e9e9038fe2', '148ed882-32b8-218e-9c20-39c2f00615e8', '1994-02-20 11:06:19', 'Nguyễn Thị Thúy', '2011-05-27 17:41:21', 'Trương Văn Thắng'),
('26942456-25a8-5ec2-8b41-c1ec321fe728', 'M-26157', '', 'Hàng xuất khẩu', 'JUI457NK1RHCI', '', 0, 17, '2020-06-12', 'Sed accusamus dolorum nulla et animi et.', '174ffc6c-4080-4bc3-a126-71cca92946bf', '3700cc49-55b5-69ea-4929-a2925c0f334d', '1975-09-05 16:25:01', 'Hồ Thị Tường', '2004-03-30 04:39:40', 'Thái Ngọc Hân'),
('26cf1651-7aed-7c9d-6035-0028ed526dd0', 'M-01791', '', 'Hàng nhập khẩu', NULL, '', 1, 138, '1997-07-26', 'Corporis rerum iure soluta incidunt iste aut. Fugiat sequi enim ut iste provident ut.', '67f532a4-1158-2919-d1eb-e423f1575e00', '3b86d2ed-446c-5fce-56be-406293204378', '1970-05-29 15:28:25', 'Giang Giang An', '1982-03-27 14:42:38', 'Trần Văn Tài'),
('27318165-703a-31a0-3277-d9ebc53aac3d', 'M-57645', 'Dưa hấu', 'Hàng xuất khẩu', 'AI845C552ULG6C75ZNTK7BJ883F2174PH19U0MFIBJP67315V352Q341OJ54QQ', '', NULL, 598, '2006-08-03', NULL, '1cab3f5f-2daa-759f-e936-63d5d5eff719', '37dd9bb0-4c53-4134-31de-23e177779933', '2017-10-14 18:28:53', NULL, NULL, NULL),
('27852fe9-2bc5-1399-3f80-de64d090a2c2', 'M-93297', 'Quýt', 'Hàng tự chế', NULL, '', 1, 599, '2012-05-13', 'Quaerat et qui sed. Nam natus aut repellendus ducimus consectetur iste! Sit harum sed natus unde asperiores aperiam.', '48b51439-3625-6c0c-7532-03c92da59c43', '354f1b13-17bf-1b52-87d5-ba100c6f7bce', '1975-03-09 17:00:08', 'Nguyễn Văn Phước', '1995-01-15 01:59:03', ''),
('27e60da2-385e-6804-8441-c1ec321fe728', 'M-77937', 'Thạch đen', '', 'SI4G664NMK4', NULL, 1, 90, '2007-06-26', 'Incidunt sint officia vel voluptate nam maxime. Qui sed sint odio. Vero numquam quisquam reprehenderit! Architecto aliquam neque totam dolor est iure.', '74b4ef62-677e-21c3-88db-f21ac591aca5', '15d0d796-1465-4665-fc83-196123975cb2', '2014-06-24 08:51:58', '', '1970-01-01 00:16:16', 'Đoàn Bảo Hân'),
('281af570-5697-2b8d-6b80-7ed9d1ea06ea', 'M-37516', 'Dầu ăn', 'Đóng gói', '74OJQLH787V888224X6EW547Z4Q80O6X5MCJP04I8NF7D63', '', 1, 232, '2013-06-05', 'Sed porro ut voluptate quibusdam inventore. Aperiam perferendis velit nesciunt aspernatur rem. Quasi saepe sed esse accusantium omnis officia!', '153105e0-6702-29ed-7632-03c92da59c43', '36104b10-705b-57a8-83c0-08fd2f807219', '1982-12-30 10:56:37', 'Đàm Văn Cường', '1990-06-08 02:51:32', ''),
('285d6b44-3b0c-4697-e01d-086412a8ea97', 'M-10752', 'Bia Hà Nội', 'Đóng gói', 'VASJL20XBIHEI20FWWKF', '', 0, 7, '1970-01-04', 'Amet ipsam est. Et perspiciatis voluptatem. Sit assumenda distinctio. Iste voluptatem blanditiis. Beatae et ut! Reiciendis voluptatem reiciendis. Et.', '423d5b84-2191-6cce-df3d-c9e9e9038fe2', '3700cc49-55b5-69ea-4929-a2925c0f334d', '1970-01-01 00:00:04', '', NULL, NULL),
('28655a7f-2f9a-1b7d-d3d2-89b22d10517e', 'M-71355', 'Hạt hHướng dương', '', NULL, '', 1, 625, '2016-01-26', 'Laboriosam et totam et rem quia. Quam excepturi quo consequatur. Qui veniam qui vel ut qui veniam!', '2102924a-510c-7251-a026-71cca92946bf', '3700cc49-55b5-69ea-4929-a2925c0f334d', '1971-05-24 01:50:15', 'Đoàn Văn Trung', NULL, NULL),
('28692b18-2ec1-574b-6780-7ed9d1ea06ea', 'M-39097', 'Fanta', NULL, 'X26J3WD75J2OX47I6041C2K2NY1Z7Y02P8D05H5JO1', '', 1, 785, '2009-02-24', 'Aut dolor veritatis omnis molestiae error praesentium. Quo eos magni aliquid est iste consequatur...', '19029793-2caa-7372-e03d-c9e9e9038fe2', '37dd9bb0-4c53-4134-31de-23e177779933', '1982-05-13 07:04:04', 'Hồ Thị Diễm', NULL, NULL),
('2872c174-68d3-29c1-4935-0028ed526dd0', 'M-17055', 'Pepsi', '', 'A', '', 1, 828, '1971-10-05', 'Cumque deleniti est autem accusamus sit alias. Ipsum maiores incidunt perspiciatis mollitia et ut.', '1cab3f5f-2daa-759f-e936-63d5d5eff719', '25c6c36e-1668-7d10-6e09-bf1378b8dc91', '1970-01-01 00:10:43', 'Đào Ngọc Thắng', '1991-03-23 12:13:47', 'Hồ Thị Tú'),
('28a16581-1fd1-546b-1677-d9ebc53aac3d', 'M-13347', '', '', '163LYTJ553R4QU9XQOZD950SC8317LS483GU363N6U63', '', 1, 435, '1996-10-08', 'Et omnis est. Est dolor inventore? Deserunt autem sed! Illum voluptate et. Ut saepe omnis. Facere vel sint; eum voluptatibus praesentium.', '153105e0-6702-29ed-7632-03c92da59c43', '1b691e79-236d-5b5a-9d20-39c2f00615e8', '2004-06-15 22:28:29', 'Đồng Ngọc Quang', '2001-12-12 04:16:32', 'Nguyễn Minh Trung'),
('28cd1599-63bf-785f-4f80-7ed9d1ea06ea', 'M-38549', '', 'Hàng tự chế', '363695B1', '', 0, 761, '1974-02-22', 'Ut autem ipsa error dolor vero dolore.', '48b51439-3625-6c0c-7532-03c92da59c43', NULL, '1987-11-07 13:15:19', 'Ninh Thị Hân', NULL, NULL),
('28de1588-1208-2352-5935-0028ed526dd0', 'M-39139', 'Thạch đen', 'Hàng tự chế', '6ZUR81MAV51451450X4479QB7L7NS86M63', '', 1, 599, '2002-05-19', 'Ut et eum. Ipsam dolorem perspiciatis! Beatae in quaerat. Et nostrum consectetur; numquam voluptatem aut. Doloribus est ut? Explicabo adipisci cum;', '174ffc6c-4080-4bc3-a126-71cca92946bf', '6b47b37f-3123-3ce7-14cf-9712082ff6cb', '1978-05-01 19:07:13', 'Phí Thị Thục', '1970-01-01 02:44:10', 'Trần Gia Trung'),
('295adb49-7177-6f84-7280-7ed9d1ea06ea', 'M-84814', 'Kem Socola', '', '0KM8132CJF00467MI8RE09534D3ZS94V4051647QKV', '', 0, 262, '1970-01-02', 'Suscipit incidunt pariatur; eum incidunt pariatur. Quia velit ut. Voluptatibus in eveniet! Nihil asperiores facere. Quo quia tempora. Error itaque voluptatem.', '423d5b84-2191-6cce-df3d-c9e9e9038fe2', '354f1b13-17bf-1b52-87d5-ba100c6f7bce', '1970-01-01 00:00:02', 'Nguyễn Gia Nhung', '2005-08-10 10:23:09', 'Hồ Thị Tường'),
('2964c159-5671-2d36-7b80-7ed9d1ea06ea', 'M-48606', '', '', '099160141X68XJEP11N0CSC8Z9U8S9WN9R27R6G03V425D0NB7V1H8U48200T', '', 0, 382, '1970-10-21', 'Reiciendis obcaecati magni. Provident aliquid porro! Omnis beatae sit; quo veritatis dolores. Nihil recusandae ut. Cupiditate culpa sit! Doloremque iste.', '67f532a4-1158-2919-d1eb-e423f1575e00', '37dd9bb0-4c53-4134-31de-23e177779933', '1970-01-01 00:04:54', 'Thái Ngọc Hân', NULL, NULL),
('29dcec4b-6bba-5878-1735-60b3ebf808a9', 'M-38505', '', '', '72550GK7119', '', 1, 804, '1973-09-22', 'Expedita necessitatibus consectetur. Saepe earum fugiat! Corrupti est nam. Dolorem temporibus dolorem! Sit eos sunt. Amet eaque dolore. Est fugiat iste; sint.', '48b51439-3625-6c0c-7532-03c92da59c43', '15d0d796-1465-4665-fc83-196123975cb2', '2005-07-23 08:18:02', 'Trương Trọng Vĩ', NULL, NULL),
('2a5fb073-323d-114a-7980-7ed9d1ea06ea', 'M-19929', 'Fanta', '', '84H0IU60E98AXGOS878QQXRIIY0', '', 1, 165, '2014-12-18', 'Incidunt dolorum non officia. Ea omnis eius aperiam id. Dolores vel nihil. Laudantium iste hic. Omnis sed ut. Voluptates unde ex.', '73612d31-3ee3-7447-8e7d-817a123d365d', '6b47b37f-3123-3ce7-14cf-9712082ff6cb', '2016-11-07 16:20:51', '', '2019-11-12 16:22:48', 'Đoàn Thị Hân'),
('2a771cb6-54d6-7640-4dc2-579daad24557', 'M-18507', 'Bia Heniken', 'Hàng xuất khẩu', NULL, '', 0, 191, '1970-12-04', 'Numquam quos ipsum. Perferendis magnam facilis; quisquam dolores exercitationem. Et consequuntur iure. Quidem neque porro! Deleniti laudantium suscipit.', '79aca385-65e3-1ebe-f488-479bce9b28fc', '3700cc49-55b5-69ea-4929-a2925c0f334d', '1971-04-28 04:54:43', 'Ninh Thị Tường', '1982-07-01 20:27:26', 'Đồng Thị Anh'),
('2afb2146-430d-394b-3d35-0028ed526dd0', 'M-08155', 'Sữa', '', '659I5MJPTU9Y96IW4518BT5PMP74VV40VD237G6X5QOZDFDZ', '', 0, 932, '2014-01-13', 'Et magnam omnis quas tempora asperiores. Vitae aperiam ut eum; aut temporibus animi omnis et quis quia.', '48b51439-3625-6c0c-7532-03c92da59c43', '3b86d2ed-446c-5fce-56be-406293204378', '1976-03-31 05:31:56', 'Tô Văn Huy', '1970-01-01 02:37:34', 'Hà Bảo Kệ'),
('2b02c531-6d94-2852-2b35-60b3ebf808a9', 'M-65694', '', '', '19K606G4QC18W1Z50J', '', 1, 170, '2002-03-20', 'Rem voluptates quaerat ab asperiores qui necessitatibus. Amet error similique tenetur saepe. Enim reiciendis error. Mollitia dolores sit? In sit dolores!', '153105e0-6702-29ed-7632-03c92da59c43', '6b47b37f-3123-3ce7-14cf-9712082ff6cb', '1987-05-20 16:19:33', 'Đàm Thị Mai', '1979-01-24 02:19:16', 'Thái Thị Ngân'),
('2b45c492-5011-1aed-4380-de64d090a2c2', 'M-26457', '', 'Hàng tự chế', 'JIU745B8X1S5', '', 1, 627, '1981-08-10', 'Qui nostrum molestiae. Debitis inventore excepturi. Laboriosam error dicta! Quod ipsum nesciunt. Quam ratione laboriosam. Ipsum odio soluta? Nihil ut.', '423d5b84-2191-6cce-df3d-c9e9e9038fe2', '3700cc49-55b5-69ea-4929-a2925c0f334d', '2000-01-02 14:24:45', 'Ninh Duy Huy', '1970-01-01 01:05:51', 'Hà Thị Anh'),
('2bd27090-2727-2b8e-2f80-de64d090a2c2', 'M-00157', '', '', 'YGP0P2MV3JNV1', '', 0, 931, '1972-04-07', 'Aut natus in. Aliquid aspernatur eligendi distinctio ut ab. Distinctio nemo praesentium. Quod sunt tempora. Error consequuntur dicta. Officia ducimus ullam.', '447816de-6069-15bf-de3d-c9e9e9038fe2', '37dd9bb0-4c53-4134-31de-23e177779933', '1970-01-01 00:13:48', '', NULL, NULL),
('2bd927cf-7faf-452e-4535-0028ed526dd0', 'M-45070', 'Cam', 'Đóng gói', 'QM5K', '', NULL, 431, '2000-09-01', NULL, '153105e0-6702-29ed-7632-03c92da59c43', '354f1b13-17bf-1b52-87d5-ba100c6f7bce', '1975-12-06 20:42:28', NULL, '2006-06-23 15:30:13', 'Thái Đình Cường'),
('2c06d3cb-7ef7-4462-5e80-7ed9d1ea06ea', 'M-21440', 'Kem Merino', '', NULL, '', 1, 117, '1970-08-23', 'Iste sunt rerum labore omnis est nihil. Soluta perspiciatis voluptatem sapiente fuga illum totam!', '153105e0-6702-29ed-7632-03c92da59c43', '6b47b37f-3123-3ce7-14cf-9712082ff6cb', '1970-01-01 00:03:55', 'Đoàn Trung Phước', '2009-09-25 06:44:24', 'Phí Tường Trung'),
('2c14d4bf-4fdf-22d0-cbd2-89b22d10517e', 'M-05939', '', '', '63614883XM7SBSM77099CG25', '', 0, 350, '2010-05-15', 'Placeat possimus modi exercitationem. Sequi est sunt omnis. Facilis ut omnis dolores deleniti unde. Nisi officia unde vero numquam culpa esse. Consectetur.', '1cab3f5f-2daa-759f-e936-63d5d5eff719', '1b691e79-236d-5b5a-9d20-39c2f00615e8', '2007-09-23 10:48:40', 'Thái Trần Hoàng', '2000-06-13 19:51:35', 'Đàm Trung Huy'),
('2c3624a3-5c41-65f0-3c80-de64d090a2c2', 'M-70716', '', '', '56H2UOLU0K8119DW22WT76AVY0G', '', 1, 76, '1992-04-09', 'Laborum perspiciatis nemo. Dolores accusamus qui! Sed error enim. Ad magnam possimus; est odio porro. Architecto obcaecati laudantium. Ea officiis et? Error...', '19029793-2caa-7372-e03d-c9e9e9038fe2', '25c6c36e-1668-7d10-6e09-bf1378b8dc91', '1970-01-01 02:15:35', 'Đàm Ngọc Tường', '1983-04-20 18:03:52', 'Tô Hảo Kiên'),
('2c380a42-1611-28c2-3ac2-579daad24557', 'M-07674', '', '', 'RP87BF04Y1L6S17FH308S3RP0E0V81U3AL', '', 0, 930, '2020-12-08', 'Perferendis omnis odio assumenda voluptatem ipsa id. Ipsa tenetur reiciendis et omnis aperiam odit. Qui natus corrupti; corrupti nisi dolor.', '19029793-2caa-7372-e03d-c9e9e9038fe2', '148ed882-32b8-218e-9c20-39c2f00615e8', '1998-05-18 14:35:20', 'Tô Thái Huy', '2019-05-19 23:52:02', ''),
('2c3863b6-1318-357f-d4d2-89b22d10517e', 'M-24231', '', 'Hàng tự chế', 'MJ709LUFT021RZ35XRP6040ZI1U0R9Q7405803V7R0539278UA2Z9', '', 1, 613, '1978-06-28', 'Officiis aut autem. Totam nemo dolorum. Aut nesciunt aliquid! Sit non eos. Voluptas vel sed. Ratione ea cumque! Eius similique ratione; ratione dicta quo;', '67f532a4-1158-2919-d1eb-e423f1575e00', '6b47b37f-3123-3ce7-14cf-9712082ff6cb', '2000-09-16 22:57:33', 'Ninh Thị Kệ', '2005-05-10 08:02:41', 'Đồng Trọng Đạt'),
('2c4dd6d5-5224-4e6e-8cf6-423b4e874d0f', 'M-77837', '', NULL, '8YZ011N643', '', 1, 628, '2013-06-28', 'Expedita tempora asperiores suscipit labore tempore est. Culpa animi autem explicabo consequatur saepe perspiciatis...', '71952621-23c8-61d2-d0eb-e423f1575e00', '25c6c36e-1668-7d10-6e09-bf1378b8dc91', '2013-05-07 15:25:09', 'Đoàn Thị Hân', NULL, NULL),
('2cc54220-681e-2f38-1e35-60b3ebf808a9', 'M-90774', 'Trà chanh', NULL, 'DLQBG2DB9', '', 1, 9, '1970-06-10', 'Illo optio ut facere iste ut cupiditate. Iste culpa error. Sed animi unde. Omnis ab unde. Ducimus dolorum ut. Omnis ab aspernatur.', '79aca385-65e3-1ebe-f488-479bce9b28fc', '37dd9bb0-4c53-4134-31de-23e177779933', '1970-01-01 00:02:41', 'Lương Thị Tiên', NULL, NULL),
('2d3ae261-2b44-7713-41c2-579daad24557', 'M-17620', 'Pepsi', 'Hàng đặt sẵn', '2TC55', '', 1, 804, '1996-04-23', 'Voluptatem et perspiciatis omnis corrupti omnis optio.', '2102924a-510c-7251-a026-71cca92946bf', '25c6c36e-1668-7d10-6e09-bf1378b8dc91', '1985-02-16 07:13:47', 'Nguyễn Hùng Cường', '1981-06-03 05:59:27', 'Đàm Thị Nhiên'),
('2da0cbfc-13ad-7ad2-82f6-423b4e874d0f', 'M-62747', 'Dưa hấu', 'Hàng xuất khẩu', '987W14A470V00YDI1T0X05HFIBV13L4DO539PU25C57MAS1S1QA5BKH', '', 0, 259, '1970-01-03', 'Est veniam asperiores. Nam eaque omnis. Illum qui laboriosam. Nemo eum corrupti. Dolores quam et! Necessitatibus similique sed. Dolorem iure et; vel.', '1cab3f5f-2daa-759f-e936-63d5d5eff719', '354f1b13-17bf-1b52-87d5-ba100c6f7bce', '1970-01-01 00:00:03', 'Đoàn Hùng Đăng', '1991-01-31 09:18:42', 'Ninh Thị Vy'),
('2da5cb9b-6b25-1316-f41d-086412a8ea97', 'M-16725', '', NULL, '9VA', '', 1, 874, '2005-11-18', 'Est qui dolore. Eum iste facere! Non ipsa error. Accusantium nihil consequatur. Necessitatibus aut et; rem voluptatem laudantium. Consequatur sint similique.', '67f532a4-1158-2919-d1eb-e423f1575e00', '37dd9bb0-4c53-4134-31de-23e177779933', '1973-03-16 10:49:02', 'Tô Trọng Tài', '1970-01-01 00:00:10', 'Nguyễn Đình Dũng'),
('2dd6b3a0-2350-1230-1835-60b3ebf808a9', 'M-78943', 'Dưa hấu', NULL, '8E6Q4', '', NULL, 938, '1970-01-26', NULL, '2102924a-510c-7251-a026-71cca92946bf', '1b691e79-236d-5b5a-9d20-39c2f00615e8', '1970-01-01 00:00:26', NULL, NULL, NULL),
('2e25af01-3568-3517-7580-7ed9d1ea06ea', 'M-74624', '', '', 'A50V0084Z4LBQZBC17I9G3G5M2VQ2F89Z23FQ7WKVO', '', 1, 521, '1970-03-16', 'Veritatis error cupiditate nesciunt. Natus et dolor non recusandae! Atque ut ipsa. Rerum est magnam! Dolore aperiam magni; natus quia laborum...', '73612d31-3ee3-7447-8e7d-817a123d365d', '15d0d796-1465-4665-fc83-196123975cb2', '1970-01-01 00:01:15', 'Thái Bảo Vy', '1971-06-11 06:34:17', 'Đoàn Thị An'),
('2e9c0c0f-1a6d-3055-3f77-d9ebc53aac3d', 'M-49919', '', '', 'K53X6TNYZ7FEJE5V4BI5', NULL, NULL, 87, '2014-09-20', NULL, '1944b789-48b3-5241-f588-479bce9b28fc', '3b86d2ed-446c-5fce-56be-406293204378', '1994-10-02 09:56:41', NULL, '1970-01-01 00:10:59', 'Đàm Tường Phước'),
('2ee950fb-4256-49aa-e41d-086412a8ea97', 'M-47345', '', 'Hàng tự chế', '9F56', '', 0, 266, '1989-04-15', 'Quidem excepturi assumenda. Ad rem cum! A quaerat corrupti. Expedita corrupti praesentium. Pariatur earum facere. Aut enim qui! Dolore obcaecati sit.', '79aca385-65e3-1ebe-f488-479bce9b28fc', '148ed882-32b8-218e-9c20-39c2f00615e8', '1970-01-01 01:57:25', 'Nguyễn Hiếu Quang', NULL, NULL),
('2efc0ff3-37c0-286f-bbd2-89b22d10517e', 'M-77828', 'Cam', 'Hàng tự chế', '7249D6DP0', '', 0, 627, '1991-01-27', 'Et debitis repudiandae voluptatem est. Ea exercitationem et exercitationem est! Omnis provident odit error esse vel. Dolor nobis accusantium.', '48b51439-3625-6c0c-7532-03c92da59c43', '15d0d796-1465-4665-fc83-196123975cb2', '2011-12-22 04:38:40', 'Cao Thị Hà', '1985-06-04 20:07:55', 'Ngô Văn Thanh'),
('2f25e35e-15fb-71e4-4e35-0028ed526dd0', 'M-14455', 'Dầu ăn', 'Hàng nhập khẩu', '94X641OCWHY705P1L4M3P318', '', 0, 829, '1970-01-06', 'Quisquam delectus iure ut dolor. Et tenetur porro magni vel est accusantium; iste quidem omnis? Voluptatem magni aut. Ut nulla dolore.', '423d5b84-2191-6cce-df3d-c9e9e9038fe2', '15d0d796-1465-4665-fc83-196123975cb2', '1970-01-01 00:00:06', 'Ninh Trọng Đăng', NULL, NULL),
('2f43fc9d-1f7a-25fc-5280-7ed9d1ea06ea', 'M-49596', 'Ốc quế', '', '7L20VIIEK916J324DRFBU5SM9', '', 1, 5, '1985-05-12', 'Facere nam magnam; ut tempora sunt. Deserunt libero omnis; autem aut et. Ut enim et; eius quo voluptas. Magnam quidem et. Eum at cum.', '71952621-23c8-61d2-d0eb-e423f1575e00', '3700cc49-55b5-69ea-4929-a2925c0f334d', '1973-07-19 13:19:23', 'Nguyễn Ngọc Ngọc', '1996-04-22 15:08:00', 'Phí Trọng Quang'),
('2f4cc91d-6f13-4b4c-1c80-de64d090a2c2', 'M-38367', '', '', 'VQ0AQ5RW93IK157D376IWZWM131F21O8I', '', 1, 1, '1972-08-02', 'Aut animi architecto; obcaecati animi iste. Illo et ipsam. Quis hic fuga! Ut eum quo; perferendis ut aut. Sint eum odit? Autem neque deleniti...', '48b51439-3625-6c0c-7532-03c92da59c43', '1b691e79-236d-5b5a-9d20-39c2f00615e8', '1970-01-01 00:15:45', 'Hà Văn Phước', '1970-01-01 00:00:44', 'Trương Hiếu Đăng'),
('2fde0921-432c-64c5-0935-60b3ebf808a9', 'M-24562', '', 'Hàng tự chế', 'AMBBAP006WT3510L2S5B9Q61ZXFJ75X6HU9949HM', '', 1, 998, '1986-07-16', 'Qui enim nihil autem quis vel delectus.', '1cab3f5f-2daa-759f-e936-63d5d5eff719', '37dd9bb0-4c53-4134-31de-23e177779933', '1989-01-06 14:38:37', 'Hồ Văn Phước', '1970-01-01 00:00:39', 'Phí Thị Ngọc'),
('3005c4c5-6a2d-70db-58c2-579daad24557', 'M-27619', 'Quýt', '', NULL, '', 1, 304, '1981-04-24', 'Quae ipsum ut sed et. Aliquam eos facilis! Illum est numquam. Dolor ut molestiae perspiciatis magni totam enim.', '73612d31-3ee3-7447-8e7d-817a123d365d', '36104b10-705b-57a8-83c0-08fd2f807219', '1995-01-04 02:44:41', 'Ngô Trọng Khoa', '1970-01-01 02:02:20', 'Hồ Trọng Trung'),
('3017e692-73fb-6331-6a80-7ed9d1ea06ea', 'M-74382', '', '', 'XZ8F11341', '', 1, 108, '1988-04-30', 'Aut voluptatibus hic. Rerum rem expedita. Eos dolor quam? Error et qui. Facilis autem sit! Impedit sint earum. Sint ut optio. Vel officiis velit. Laborum!', '3541ff76-58f0-6d1a-e836-63d5d5eff719', '15d0d796-1465-4665-fc83-196123975cb2', '2005-04-12 17:45:09', '', '1970-01-01 00:14:09', 'Thái Trọng Quang'),
('30442797-494e-6678-8bf6-423b4e874d0f', 'M-13464', '', 'Hàng xuất khẩu', '3BMM7VERX63OR2UU5X346OY54621O1', '', 1, 607, '1989-08-08', 'Quibusdam aut culpa reiciendis ipsum suscipit ut. Amet quis quia dolore voluptatibus qui aspernatur! Iusto ut mollitia. Aliquam quas iste!', '174ffc6c-4080-4bc3-a126-71cca92946bf', '37dd9bb0-4c53-4134-31de-23e177779933', '2008-05-13 09:56:06', 'Trần Thị Thục', '2009-05-27 13:50:08', ''),
('31629133-61f6-7765-1535-60b3ebf808a9', 'M-52400', 'Bia Trúc Bạch', 'Đóng gói', NULL, '', 0, 48, '1996-05-12', 'Explicabo sunt et deleniti omnis voluptate sunt. Et explicabo placeat adipisci consequatur dolore iure.', '73612d31-3ee3-7447-8e7d-817a123d365d', '1b691e79-236d-5b5a-9d20-39c2f00615e8', '2008-01-19 11:20:44', 'Ngô Thị Thư', '1995-10-29 07:23:36', 'Nguyễn Thị Anh'),
('31ae1818-7baf-1872-1e77-d9ebc53aac3d', 'M-11148', '', '', 'LT4', '', 1, 379, '1970-01-01', 'Culpa quis porro magni eaque sit non.', '71952621-23c8-61d2-d0eb-e423f1575e00', '25c6c36e-1668-7d10-6e09-bf1378b8dc91', '1970-01-01 00:00:01', '', NULL, NULL),
('31d2ab47-4838-535e-6f80-7ed9d1ea06ea', 'M-86755', '', 'Hàng đặt sẵn', 'JX', '', 0, 54, '2021-01-12', 'Tempore quia cum. Laborum eum quis! Voluptatem dolore ut. Dolores eos dignissimos. Repudiandae laboriosam nulla. Vitae dolore minima. Consequatur doloribus!', '423d5b84-2191-6cce-df3d-c9e9e9038fe2', '6b47b37f-3123-3ce7-14cf-9712082ff6cb', '2005-08-21 10:47:56', 'Trần Thị Thư', '1970-01-01 00:14:11', ''),
('321cca36-5b09-7efa-52c2-579daad24557', 'M-59716', 'Hạt hHướng dương', '', '9571W241C5YQY8ZXP81', '', 0, 738, '1978-09-01', 'Et eos eveniet perspiciatis. Repellendus blanditiis quis neque deleniti provident qui; saepe inventore reprehenderit est nam quam illum.', '79aca385-65e3-1ebe-f488-479bce9b28fc', '25c6c36e-1668-7d10-6e09-bf1378b8dc91', '1970-01-01 00:52:46', 'Tô Văn Thanh', NULL, NULL),
('322105dd-142f-392d-2fc2-579daad24557', 'M-94100', '', '', '6QFA4HS3CH0LP39I955M7S148Y53XKIM7D7', '', 0, 94, '2014-03-29', 'Sed explicabo voluptatibus; voluptas maiores et; alias error et. Alias a autem. Unde rerum repellat. Eum consectetur fugit; iste magni quae. Iure quia iste.', '67f532a4-1158-2919-d1eb-e423f1575e00', '6b47b37f-3123-3ce7-14cf-9712082ff6cb', '2005-02-08 04:10:55', 'Trương Ngọc Kiên', '1970-01-01 00:00:02', 'Ninh Văn Kiên'),
('323e9a2a-289d-273d-2535-60b3ebf808a9', 'M-71256', '', '', 'JVUK25VA54RU72Z8L3OJE11N450ON6SDD4U57QMR5C8', '', 0, 571, '1972-01-25', 'Id quia illo aut ab id vero. Soluta ipsa fuga consequatur placeat assumenda laboriosam...', '447816de-6069-15bf-de3d-c9e9e9038fe2', '25c6c36e-1668-7d10-6e09-bf1378b8dc91', '1992-10-25 20:41:00', 'Nguyễn Văn Thanh', '1998-07-20 20:39:47', 'Thái Trung Kiên'),
('324ac33a-77c5-13a5-0535-60b3ebf808a9', 'M-57028', 'Bia Hà Nội', 'Đóng gói', 'I66DS4UY30G838S8R8I', '', 0, 457, '1970-01-18', 'Exercitationem et ut illum quis in eum. Optio modi sunt iusto omnis dolore! Eius molestiae in. Qui corrupti consequatur et ut eligendi!', '67f532a4-1158-2919-d1eb-e423f1575e00', '148ed882-32b8-218e-9c20-39c2f00615e8', '1970-01-01 00:00:18', '', '1970-01-01 00:01:09', 'Ngô Hùng Minh'),
('3277a4b3-5561-5d33-2a35-60b3ebf808a9', 'M-35323', '', '', '8513UH1A0CBA1T320M2F70F10D4J5EP8XVB5DX69G3E155G8BZ', '', 1, 84, '1976-12-30', 'Cumque qui natus. Et qui perspiciatis. Et ipsa quis. Iure quia laborum? Nihil optio natus. Voluptas doloremque nobis. Dicta laboriosam aspernatur; quia.', '71952621-23c8-61d2-d0eb-e423f1575e00', '1b691e79-236d-5b5a-9d20-39c2f00615e8', '1994-09-23 04:31:56', 'Đồng Đình Văn', '1996-11-09 19:11:37', 'Đào Thị Vy'),
('3292f8e8-6f00-416f-2035-60b3ebf808a9', 'M-07668', 'Bia Hà Nội', '', 'DPZO8185DP0T95G7GUORXLD2R09K35H7UK85RW9DX6Z11J1630RM84N2H3N5M7R3B4', '', 0, 1, '2013-02-07', 'Ut repellendus qui error. Sit molestias officia. Aut sit et eum. Ratione laboriosam ullam cumque modi. Natus in beatae? Reprehenderit magni dolore.', '67f532a4-1158-2919-d1eb-e423f1575e00', '354f1b13-17bf-1b52-87d5-ba100c6f7bce', '2014-11-24 16:07:31', 'Ninh Thị Anh', NULL, NULL),
('329b5332-34e3-1ae4-6ef6-423b4e874d0f', 'M-23928', '', 'Hàng xuất khẩu', 'Q04513XT0G53U6ORGV', '', 0, 743, '1981-10-13', 'Id beatae ut dolor assumenda quibusdam tempore. Quaerat qui facilis et! Ipsa doloribus ut minima sequi nihil velit.', '74b4ef62-677e-21c3-88db-f21ac591aca5', '3700cc49-55b5-69ea-4929-a2925c0f334d', '1996-03-30 23:54:01', 'Triệu Văn Văn', NULL, NULL),
('32d0d11c-7c72-5daa-9f41-c1ec321fe728', 'M-46339', 'Cocacola', 'Hàng xuất khẩu', 'GG0GPSBU6N4BUFHVLLU8X5596P11KK4B', '', 1, 66, '1985-02-04', 'Beatae eaque quis. Nam a quis! Minima omnis ipsa. Omnis ex voluptatem. Veniam qui quia! Molestiae beatae animi. Veniam expedita quis!', '174ffc6c-4080-4bc3-a126-71cca92946bf', '15d0d796-1465-4665-fc83-196123975cb2', '2015-04-20 22:23:31', 'Ngô Tường Kiên', '1992-09-14 16:05:00', 'Đoàn Thị Hà'),
('32d33559-61a5-4afd-d91d-086412a8ea97', 'M-67520', 'Trà đào', '', NULL, '', 0, 109, '1982-11-14', 'Necessitatibus nemo aut rerum ipsa reprehenderit. Molestiae impedit quo. Est consequuntur tempore. Itaque perferendis culpa. Sequi dolorem voluptas? Quia.', '153105e0-6702-29ed-7632-03c92da59c43', '1b691e79-236d-5b5a-9d20-39c2f00615e8', '2009-05-07 15:11:35', 'Tô Thị Thúy', NULL, NULL),
('32e3be81-3548-6f8f-6380-7ed9d1ea06ea', 'M-84807', '', NULL, 'F883375EF4UKC477XNZ0W5TLS', '', 0, 717, '2004-11-19', 'Et facilis voluptate. Eum eos exercitationem! Cum voluptates iusto. Aliquid ut fugit. Dolore quos voluptatem. Omnis quo quibusdam. Id mollitia quod.', '174ffc6c-4080-4bc3-a126-71cca92946bf', '1b691e79-236d-5b5a-9d20-39c2f00615e8', '2004-10-31 23:31:38', 'Vũ Thị Ngân', NULL, NULL),
('3304dddb-1b72-607f-25c2-579daad24557', 'M-22754', '', '', '7782C8I43ZWS95AOEX9BT4SCUB3L183RVH4S728N9C8Q0U4MC7NKW0YQV0U43GV82IUM', '', 1, 477, '2015-03-25', 'Dolor iusto consequatur; error labore suscipit. Harum asperiores voluptatem ratione laudantium alias id. Veniam qui rerum labore natus cumque. Modi ex cumque.', '19029793-2caa-7372-e03d-c9e9e9038fe2', NULL, '1974-04-20 09:41:43', 'Đàm Ngọc Đạt', NULL, NULL),
('33589ecb-33ac-28c7-9241-c1ec321fe728', 'M-68340', 'Dưa hấu', 'Hàng tự chế', '142D8M4068CF95DRV3W592Z', '', 1, 746, '1991-04-25', 'Neque natus excepturi. Et velit qui cumque rerum! Enim provident voluptatem rerum dolorem. Rem reiciendis suscipit dolores doloribus!', '2102924a-510c-7251-a026-71cca92946bf', '15d0d796-1465-4665-fc83-196123975cb2', '2002-02-15 03:12:00', 'Liễu Văn Tài', NULL, NULL),
('337faf61-662b-461a-69f6-423b4e874d0f', 'M-64834', 'Quẩy', '', 'T3185DT9QN4VREQK3KAC3BU77Q3R', '', 1, 55, '1970-02-16', 'Sit porro veniam. Consequatur corporis natus dicta. Aut blanditiis quibusdam est unde corrupti. Illum molestias explicabo est? Saepe et veniam!', '48b51439-3625-6c0c-7532-03c92da59c43', '37dd9bb0-4c53-4134-31de-23e177779933', '1970-01-01 00:00:47', 'Lê Yến Chi', '1981-09-25 03:58:49', 'Triệu Văn Thanh'),
('33ec4fea-4c03-3191-3ec2-579daad24557', 'M-27127', '', 'Đóng gói', 'K19247P7IS', '', 0, 219, '2016-07-08', 'Incidunt autem et. Eum est quidem saepe. Hic iste quasi doloremque voluptatem sapiente explicabo. Debitis vitae libero quas. Voluptas at odio.', '19029793-2caa-7372-e03d-c9e9e9038fe2', '25c6c36e-1668-7d10-6e09-bf1378b8dc91', '1999-07-26 19:48:35', 'Ninh Thị Anh', '2019-03-22 00:34:20', 'Triệu Ngọc Trung'),
('33f6a5c3-415a-1ee3-87f6-423b4e874d0f', 'M-95468', 'Quýt', '', '27WLX98HH95HB300EQ0C869WBP6F0B6A7H75HO9W4TTSJWA3II0QTEQ511R8PZ48DQ11YH4JTG32WSMR3WOVC2D8TQQW587R0M47', '', 1, 255, '2005-01-06', 'Excepturi nulla et ut velit sed nemo...', '1944b789-48b3-5241-f588-479bce9b28fc', '1b691e79-236d-5b5a-9d20-39c2f00615e8', '2012-06-18 10:14:19', 'Tô Thị Khuê', NULL, NULL),
('341706d9-627c-345d-e91d-086412a8ea97', 'M-47823', '', 'Hàng nhà máy', 'F66X', '', 0, 267, '2018-09-14', 'Totam voluptatem maiores dolores et ipsam voluptas. Corporis ut est. Ex architecto non. Saepe dolore quis. Deleniti sint autem! Rerum qui at.', '447816de-6069-15bf-de3d-c9e9e9038fe2', '6b47b37f-3123-3ce7-14cf-9712082ff6cb', '2004-07-18 21:00:17', 'Giang Văn Đạt', '1970-01-01 00:01:20', 'Lương Thị An'),
('344bfdb0-4b01-6699-ab41-c1ec321fe728', 'M-10227', 'Bia Trúc Bạch', 'Hàng xuất khẩu', 'O3V88L2W49C', '', 0, 772, '1970-01-08', 'Molestiae dolorum ratione ab itaque consequatur; deserunt dolorem eligendi sed enim maxime; quia voluptatibus sit. Ut consectetur tenetur? Omnis voluptatum.', '153105e0-6702-29ed-7632-03c92da59c43', '3700cc49-55b5-69ea-4929-a2925c0f334d', '1970-01-01 00:00:08', 'Giang Văn Vĩ', '2011-12-16 06:40:32', 'Liễu Yến Thư'),
('34d0e3b5-6d5f-1fd7-0635-60b3ebf808a9', 'M-23623', 'Pepsi', '', NULL, '', 0, 851, '1970-02-24', 'Expedita dolorem velit sunt maiores deleniti sequi. Ut cum dolorem eius. Ea quos est rerum illo suscipit perspiciatis.', '71952621-23c8-61d2-d0eb-e423f1575e00', '148ed882-32b8-218e-9c20-39c2f00615e8', '1970-01-01 00:00:55', 'Hồ Gia Kiên', '1971-01-08 01:31:35', 'Cao Văn Cường'),
('34e0b175-5b50-44af-8af6-423b4e874d0f', 'M-21979', '', 'Hàng tự chế', 'K306KI', '', 1, 554, '2018-09-25', 'Velit ex repudiandae numquam saepe quae. Est inventore est iste quia quidem consectetur? Autem repellat rerum explicabo aut omnis officia.', '2102924a-510c-7251-a026-71cca92946bf', '1b691e79-236d-5b5a-9d20-39c2f00615e8', '2010-03-13 01:44:48', 'Nguyễn Văn Dũng', '1993-01-29 05:50:42', 'Đàm Trần Huy'),
('34e55501-2213-19af-6d80-7ed9d1ea06ea', 'M-82373', 'Kem chanh', '', 'GL7', '', 1, 705, '1988-10-11', 'Laudantium optio dolor iste ab quaerat corrupti; minus ex necessitatibus nostrum voluptate quisquam ut.', '71952621-23c8-61d2-d0eb-e423f1575e00', '6b47b37f-3123-3ce7-14cf-9712082ff6cb', '2004-10-05 03:45:32', 'Ninh Thị Thư', '1977-07-14 17:16:25', 'Đoàn Tường Thanh'),
('34fa6351-5e23-4402-8080-7ed9d1ea06ea', 'M-76340', 'Hạt hHướng dương', '', 'TQIRUY33449HRZ', '', 0, 148, '1970-01-04', 'Doloremque enim et; autem error aspernatur. Possimus ut officiis. Doloremque eos perferendis. Expedita est et. Nisi totam nemo! Et saepe et. Sint sit vitae;', '1944b789-48b3-5241-f588-479bce9b28fc', '148ed882-32b8-218e-9c20-39c2f00615e8', '1970-01-01 00:00:04', 'Lê Thị Tiên', '1970-01-01 01:10:50', 'Trương Văn Minh'),
('350cf027-3245-532d-bcd2-89b22d10517e', 'M-31812', 'Hồng trà', 'Hàng xuất khẩu', 'DCIU', '', 0, 384, '2008-09-30', 'Beatae non quo voluptas error modi; et quasi excepturi. Et voluptatem veritatis! Temporibus similique dolore. Unde accusamus qui; dolore ullam voluptatem.', '48b51439-3625-6c0c-7532-03c92da59c43', '36104b10-705b-57a8-83c0-08fd2f807219', '1993-03-24 10:53:05', 'Giang Thị Chi', '2003-12-06 00:45:58', 'Trần Thị An'),
('3512583a-64ab-33c0-6c80-7ed9d1ea06ea', 'M-15650', '', '', '45', '', 0, 781, '1998-10-06', 'Omnis perspiciatis magnam. Animi provident ut. Omnis vel nihil minima veniam ut. Voluptate et natus voluptatem doloribus eos omnis.', '39446ba3-3071-7af6-a5a9-deaf32c96293', '3b86d2ed-446c-5fce-56be-406293204378', '1982-01-05 02:53:20', 'Đoàn Văn Vĩ', '1970-01-01 00:00:08', 'Lê Duy Kiên'),
('35236925-67e9-5395-4177-d9ebc53aac3d', 'M-37020', 'Hạt hHướng dương', 'Hàng nhà máy', 'G0NX3301AFFHPQDS7T35KW4P4FW5NDU7YX81750N2ZY90FL2GM622EA', '', 0, 612, '2015-11-09', 'Quibusdam exercitationem et. Quasi incidunt id. Vitae dolores consequatur; unde repellat expedita; molestiae similique omnis. Nulla sed distinctio. Sed quod.', '67f532a4-1158-2919-d1eb-e423f1575e00', '36104b10-705b-57a8-83c0-08fd2f807219', '1990-11-24 07:51:10', 'Đoàn Thị Nhiên', '1993-12-08 10:51:19', 'Trương Giang Chi'),
('3582e86f-1b41-6262-7ef6-423b4e874d0f', 'M-83542', '', 'Hàng nhập khẩu', '8', '', 0, 173, '2021-08-19', 'Vel labore quis. Ut in velit. Quia nobis dolorem. Libero labore cupiditate? Totam omnis corrupti. Cupiditate est mollitia. Facere nisi dolore.', '447816de-6069-15bf-de3d-c9e9e9038fe2', '3700cc49-55b5-69ea-4929-a2925c0f334d', '1992-06-25 08:53:29', 'Trần Văn Dũng', NULL, NULL),
('35992438-457c-3b07-1935-60b3ebf808a9', 'M-92483', 'Trà đào', '', 'Z7Y8JR718VDJ480L9RG3LGLLZEFDFQ727GSV3QN3BVS', '', 1, 341, '1970-03-22', 'Molestiae sed odit. Pariatur consectetur explicabo. Minima ut sit! Dolores quasi et; reiciendis ipsa possimus. Et expedita dignissimos! Temporibus velit.', '67f532a4-1158-2919-d1eb-e423f1575e00', '37dd9bb0-4c53-4134-31de-23e177779933', '1970-01-01 00:01:21', 'Đàm Bảo Thư', '1995-07-02 20:18:23', 'Đoàn Thị Thục'),
('35a11d1c-179b-2015-3a80-de64d090a2c2', 'BC-60807', 'Bánh Chocopie', '', 'X2U97554T1V5SE92D4O8KS3LSGNM0E', '', 0, 738, '2014-01-08', 'Vero ut omnis voluptatem distinctio et eos. Et similique ut et omnis voluptatem dolor. Corrupti perspiciatis nulla nemo. Velit quia ut.', '447816de-6069-15bf-de3d-c9e9e9038fe2', '15d0d796-1465-4665-fc83-196123975cb2', '2021-04-25 00:00:00', 'Ninh Thảo Mai', '2022-05-23 20:37:10', 'Nguyễn Đình Phước'),
('35c3a053-254d-33f3-1b80-de64d090a2c2', 'M-55543', '', '', 'OPOL39VC4D272J5', '', 1, 53, '1972-06-15', 'Est nihil sed tempora. In assumenda sunt! Et aliquam et. Omnis dicta hic repudiandae voluptatem hic qui.', '73612d31-3ee3-7447-8e7d-817a123d365d', '25c6c36e-1668-7d10-6e09-bf1378b8dc91', '1970-01-01 00:14:57', 'Nguyễn Hiếu Quang', '1970-01-01 02:03:38', 'Cao Gia Tường'),
('35ec2e7b-17b3-1b63-6080-7ed9d1ea06ea', 'M-26587', '', 'Hàng đặt sẵn', 'O54V4A595RR3', '', 0, 722, '1970-02-26', 'Dolor sed corporis. Explicabo et esse. Eaque et impedit? Et iste provident. Asperiores recusandae ipsa? Aperiam omnis iste. Nam quisquam doloribus; ut et.', '174ffc6c-4080-4bc3-a126-71cca92946bf', '15d0d796-1465-4665-fc83-196123975cb2', '1970-01-01 00:00:57', 'Đồng Giang Hân', '1981-10-25 15:07:37', 'Trần Minh Minh'),
('360bd1e4-7bbf-3971-d41d-086412a8ea97', 'M-01474', '', '', '5493QY75F9NAUB', '', 1, 248, '1996-10-30', 'Dolor quisquam non. Corporis voluptatem dolor; odit et dolores. Repellat aut aperiam. Enim est nulla. Voluptas magni enim. Nihil eum beatae? Omnis voluptatem.', '39446ba3-3071-7af6-a5a9-deaf32c96293', '3b86d2ed-446c-5fce-56be-406293204378', '1990-06-23 12:12:24', 'Tô Gia An', '1984-03-30 10:36:31', 'Đào Thị Khánh'),
('363b67cb-40ae-552d-2b77-d9ebc53aac3d', 'M-17164', 'Quýt', NULL, 'K5MXWE98I72FS70JC72O', '', 0, 717, '1997-04-23', 'Omnis ut eius sit. Veritatis tempore aut non in vel. Quos a nobis praesentium qui corrupti saepe. Doloribus quo et.', '73612d31-3ee3-7447-8e7d-817a123d365d', '25c6c36e-1668-7d10-6e09-bf1378b8dc91', '2008-08-23 20:56:46', 'Trương Thị Nhi', NULL, NULL),
('36ac2df8-2b1e-368f-cc1d-086412a8ea97', 'M-20373', 'Bia Hà Nội', '', '23Z8WKM2Y0', '', 0, 938, '1981-11-05', 'Ut distinctio voluptatem in voluptatem quia tempora. Consequatur cum mollitia. In voluptatem molestiae! At sed nostrum? Numquam deserunt incidunt. Rem dolor.', '73612d31-3ee3-7447-8e7d-817a123d365d', '6b47b37f-3123-3ce7-14cf-9712082ff6cb', '1981-07-17 01:23:53', 'Nguyễn Văn Đạt', '2003-11-19 02:58:24', 'Liễu Thị An'),
('3738ce93-1661-5628-2cc2-579daad24557', 'Cc-60805', 'Chân châu', '', 'VDY0WB5T0U4', '', 0, 366, '2009-10-09', 'Assumenda perspiciatis alias ut quia incidunt facere. Earum odio et est enim unde et.', '153105e0-6702-29ed-7632-03c92da59c43', '354f1b13-17bf-1b52-87d5-ba100c6f7bce', '2021-02-24 00:00:00', 'Triệu Văn Khoa', '2022-05-23 20:37:23', 'Cao Văn Khoa'),
('373aae71-7e6b-6eff-c6d2-89b22d10517e', 'M-95483', 'Cocacola', '', NULL, '', 1, 28, '1984-08-07', 'Reiciendis itaque facilis. Commodi unde omnis! Explicabo repudiandae recusandae? Et sint sed. Officia explicabo natus. Aut doloremque animi! Sit provident.', '153105e0-6702-29ed-7632-03c92da59c43', '6b47b37f-3123-3ce7-14cf-9712082ff6cb', '2006-01-06 16:19:56', 'Trương Thị Châu', '1970-01-01 00:00:13', 'Tô Thị Hân'),
('375c0b70-28af-4afb-2735-60b3ebf808a9', 'M-52492', 'Quýt', '', '7SO0F0PK8N1HZ1M38R78M94XU8LYX2Z1IG2G9V1Z2CO2EV0O43U8ASK75XS', '', 0, 6, '1975-12-02', 'Suscipit qui est ea doloremque enim tempore...', '79aca385-65e3-1ebe-f488-479bce9b28fc', '1b691e79-236d-5b5a-9d20-39c2f00615e8', '1970-01-01 00:36:02', 'Ninh Trung Đăng', '2014-09-23 16:43:05', ''),
('38085202-6473-26a9-7bf6-423b4e874d0f', 'M-09846', 'Quýt', '', 'Y330MJ55MG0E9HW0I85A3M98NB4E03Z37J657', '', 1, 111, '2018-02-21', 'Illo est sunt veniam aut vel sed; consectetur non et. Minima vero repudiandae. Quae nesciunt ullam. Quasi sed itaque. Id voluptatem aspernatur.', '1cab3f5f-2daa-759f-e936-63d5d5eff719', '1b691e79-236d-5b5a-9d20-39c2f00615e8', '2000-10-22 04:32:28', 'Nguyễn Trọng Quang', '2003-06-29 20:01:11', 'Đoàn Hoàng Phước'),
('383760d5-6851-218b-4835-0028ed526dd0', 'M-88224', 'Bia Đức', '', '87VBJRB7351E8K01KYZI424', '', 0, 725, '1994-05-26', 'Nam eos voluptates unde. Rerum doloremque perferendis quas et perspiciatis sunt. Culpa iste recusandae quod eum quis atque.', '447816de-6069-15bf-de3d-c9e9e9038fe2', '6b47b37f-3123-3ce7-14cf-9712082ff6cb', '1978-08-12 15:23:55', 'Tô Bảo An', '2006-12-21 00:43:02', 'Thái Hùng Phước'),
('38dc720e-654a-29d5-34c2-579daad24557', 'M-84456', '', '', '4', '', 1, 949, '1995-04-20', 'In debitis earum unde id rerum consequatur. Sequi asperiores error nobis sunt minima veritatis.', '153105e0-6702-29ed-7632-03c92da59c43', '354f1b13-17bf-1b52-87d5-ba100c6f7bce', '1997-01-31 19:05:48', 'Ninh Thị Khuê', '1970-01-01 00:00:03', ''),
('3925af30-4d16-2b1f-93f6-423b4e874d0f', 'M-63456', 'Kem Socola', NULL, NULL, '', 1, 484, '2012-11-02', 'Velit sed itaque libero; doloribus neque quasi vitae eius unde. Sed impedit suscipit quia. Ea esse quas obcaecati quis est necessitatibus; ea suscipit cum.', '67f532a4-1158-2919-d1eb-e423f1575e00', '3b86d2ed-446c-5fce-56be-406293204378', '2013-04-13 20:32:14', 'Trương Hiếu Văn', '1971-04-05 17:15:04', 'Trần Thị Thư'),
('395826c8-15a0-31f9-5980-7ed9d1ea06ea', 'M-98841', 'Trà chanh', 'Hàng nhà máy', '552X84AY7W9J15O252Q35G7QLDORCP08', '', 1, 520, '1986-11-18', 'Enim animi minima. Aliquid eos sit! Laborum veniam odio. Voluptatem et nihil. Expedita similique sit. Deserunt ducimus eum! Ea quisquam vel. Qui vitae.', '423d5b84-2191-6cce-df3d-c9e9e9038fe2', '15d0d796-1465-4665-fc83-196123975cb2', '1999-03-09 11:47:38', 'Hồ Thảo Ngân', '2006-08-29 16:39:20', 'Cao Thái Vĩ'),
('395fb299-3c5f-46fe-8841-c1ec321fe728', 'M-60091', 'Hồng trà', 'Hàng xuất khẩu', '16414J', '', 1, 358, '2017-05-03', 'Numquam et facilis. Laboriosam est totam! In nulla soluta. A dolorum distinctio. Ea minus enim; voluptate sed et. Similique repellendus nostrum.', '447816de-6069-15bf-de3d-c9e9e9038fe2', '3700cc49-55b5-69ea-4929-a2925c0f334d', '1971-11-17 19:34:03', 'Trương Thị Thảo', '1980-09-10 10:23:35', 'Nguyễn Thị Hân'),
('39bd677c-589e-4690-4677-d9ebc53aac3d', 'M-13767', 'Kem Socola', '', NULL, NULL, 1, 898, '1979-05-12', 'Perspiciatis tempore autem. Labore sit quia. Eveniet sed eligendi? Assumenda perspiciatis nostrum! Nesciunt aut consectetur; quia quibusdam quos. Dolor ut.', '19029793-2caa-7372-e03d-c9e9e9038fe2', '3b86d2ed-446c-5fce-56be-406293204378', '1972-09-12 23:30:43', 'Đào Hiếu Khôi', '1986-10-24 11:00:49', 'Nguyễn Thị Anh'),
('39f3c493-4680-145e-42c2-579daad24557', 'M-06100', '', 'Đóng gói', '62172BPPYKHQJJXT531QZ1QU897N92C45708B9D30PJ', '', 1, 896, '1972-08-15', 'Illum cum fugit quaerat vitae temporibus qui.', '1cab3f5f-2daa-759f-e936-63d5d5eff719', '354f1b13-17bf-1b52-87d5-ba100c6f7bce', '1970-01-01 00:15:58', 'Nguyễn Trung Đạt', NULL, NULL),
('3a2d000a-5ea1-3197-dbd2-89b22d10517e', 'M-68097', 'Pepsi', 'Hàng xuất khẩu', '9F8M5V3MWUM0LD0C0T5K4PWUT974XKW248Z', '', 0, 509, '1970-01-03', 'Saepe et voluptas. Fugiat nemo eos? Est et vel. Delectus quibusdam mollitia. Et omnis sed. Consequatur illum optio! Qui at et.', '423d5b84-2191-6cce-df3d-c9e9e9038fe2', '6b47b37f-3123-3ce7-14cf-9712082ff6cb', '1970-01-01 00:00:03', 'Thái Hùng Khôi', '1970-01-01 00:00:09', 'Đoàn Ngọc Hùng'),
('3a425a4d-6066-116b-6bf6-423b4e874d0f', 'M-75821', '', 'Hàng nhập khẩu', '76L47XS9MV1BG53', '', 0, 651, '1983-03-31', 'Doloribus impedit aut. Minus vitae tempora. Hic et dolorem? Deserunt quibusdam aliquam. Molestias et maiores. Earum velit exercitationem; libero unde tempore.', '1944b789-48b3-5241-f588-479bce9b28fc', '354f1b13-17bf-1b52-87d5-ba100c6f7bce', '1982-01-18 04:03:26', 'Đào Thị Nhi', '2016-07-24 20:32:38', 'Tô Gia Châu'),
('3abffc51-2a43-18c6-6cf6-423b4e874d0f', 'M-21899', 'Quẩy', '', 'QWIJ61J982VLMPXGU5WB97478', '', 1, 440, '1970-01-10', 'Incidunt non sequi quae perspiciatis id provident...', '174ffc6c-4080-4bc3-a126-71cca92946bf', '25c6c36e-1668-7d10-6e09-bf1378b8dc91', '1970-01-01 00:00:10', 'Đào Thị Ngọc', NULL, NULL),
('3ac85d96-49eb-7b1d-1135-60b3ebf808a9', 'M-97671', '', NULL, '32C', '', 1, 81, '1972-03-15', 'Similique voluptatibus dolores. Aut perspiciatis dolorem. Pariatur ipsum vel. Rerum architecto tenetur. Sed iste illum? Deleniti omnis quo. Iste natus.', '73612d31-3ee3-7447-8e7d-817a123d365d', '1b691e79-236d-5b5a-9d20-39c2f00615e8', '1970-01-01 00:13:25', 'Đoàn Thị Nhi', NULL, NULL),
('3b668e3c-742f-4876-8e41-c1ec321fe728', 'M-02301', 'Bia Hà Nội', 'Đóng gói', '7LT537W65CX6TAF1O464YX2RSQ623D2G78629JD85U91U1R5548HKMWEK174LS8197JKL9XU3FC5ANZL35', '', 0, 459, '1994-12-15', 'Sed laboriosam veritatis minima ullam. Quisquam adipisci quibusdam debitis. Molestiae aliquam expedita nisi illum. Eveniet voluptatibus provident quo facere.', '2102924a-510c-7251-a026-71cca92946bf', '6b47b37f-3123-3ce7-14cf-9712082ff6cb', '2018-05-29 11:29:41', 'Đồng Thị Tiên', '1982-01-14 05:34:58', 'Cao Giang Hà'),
('3b740a7c-6139-720e-2c35-60b3ebf808a9', 'M-44531', 'Bia Sài Gòn', 'Đóng gói', '2USI15XN1Y1R5ZTW6EEG60P0Q1UF6AJM7R417Y797QX2P414601JK7U', '', 1, 251, '2007-12-31', 'Deleniti cupiditate enim; et eaque voluptas. Dolor aut illo. Expedita saepe assumenda? Sed earum rem! Repudiandae non maiores. Magnam omnis nesciunt. Sed.', '67f532a4-1158-2919-d1eb-e423f1575e00', '36104b10-705b-57a8-83c0-08fd2f807219', '2007-07-18 00:05:34', 'Lương Thái Dũng', '1970-01-01 00:15:43', 'Đàm Thị Anh'),
('3b9be541-2ef2-4000-4bc2-579daad24557', 'M-58497', 'Trà chanh', 'Hàng xuất khẩu', '981Y21DGUE97IM6HZ438U96D910T9060R8OBG4L0RD893D5ZX11LER30I4F4817UCG244JCT5MAQ353', '', 0, 702, '1975-10-29', 'Non fugit sunt mollitia ducimus ut velit. Modi ea et omnis non illum libero.', '39446ba3-3071-7af6-a5a9-deaf32c96293', '148ed882-32b8-218e-9c20-39c2f00615e8', '2010-02-15 04:31:10', 'Hà Ngọc Thúy', '1986-02-11 23:30:00', 'Lê Gia Thúy'),
('3b9ddf67-2552-6683-5a80-7ed9d1ea06ea', 'M-53356', 'Cam', '', '1KV1I6NE', '', 0, 67, '1973-03-12', 'Consequatur quas velit enim. Aut accusamus sit fugit nemo expedita aut! Iste reiciendis aliquam aspernatur iste provident ab.', '447816de-6069-15bf-de3d-c9e9e9038fe2', '1b691e79-236d-5b5a-9d20-39c2f00615e8', '2009-11-02 20:00:30', 'Đoàn Thị An', '1970-01-01 00:06:47', 'Lương Hùng Hùng'),
('3cb58bb5-2fd7-6c15-8741-c1ec321fe728', 'M-41334', '', '', '354', '', 0, 201, '1990-11-12', 'Voluptas voluptatem sed. Ipsam natus aspernatur. Porro nobis est. Nihil doloremque unde. Et corrupti aliquam? Iste quos cupiditate. Ratione eligendi et.', '153105e0-6702-29ed-7632-03c92da59c43', '354f1b13-17bf-1b52-87d5-ba100c6f7bce', '2020-05-29 02:56:11', '', NULL, NULL),
('3cc7be2d-6406-4b95-3cc2-579daad24557', 'M-75134', 'Bơ', 'Hàng đặt sẵn', '1PJCTJ5AL8P5ZE35S45POWIVS598NLGL4D292DU679SZROFM452TG4G6MZ08YJD9UKST7302', '', NULL, 8, '2001-02-09', NULL, '1cab3f5f-2daa-759f-e936-63d5d5eff719', '3b86d2ed-446c-5fce-56be-406293204378', '2014-11-09 15:23:55', NULL, '1999-09-08 05:08:50', 'Phí Văn Khoa'),
('3d1266d8-49d7-3605-2477-d9ebc53aac3d', 'M-07699', 'Pepsi', '', '5I', '', 1, 400, '1979-02-10', 'Voluptas perspiciatis molestias repellat alias ex sit. Omnis inventore maxime. Quis velit aspernatur dolorem. Excepturi voluptatem dolores eligendi! Libero.', '423d5b84-2191-6cce-df3d-c9e9e9038fe2', '354f1b13-17bf-1b52-87d5-ba100c6f7bce', '1980-06-09 15:58:04', 'Tô Gia Minh', NULL, NULL),
('3d18d4c2-2f39-3dce-d61d-086412a8ea97', 'M-79450', '', 'Hàng nhập khẩu', '09L7P130EFSMEO1Z84330B3M7', '', 1, 626, '1998-03-22', 'Omnis sunt possimus et error excepturi sit.', '447816de-6069-15bf-de3d-c9e9e9038fe2', '3700cc49-55b5-69ea-4929-a2925c0f334d', '1971-10-22 15:29:40', 'Đào Hoàng Thanh', NULL, NULL),
('3d9b23c7-7369-2872-5635-0028ed526dd0', 'M-45655', 'Dưa hấu', NULL, 'EI1S0M', '', 0, 661, '2003-09-20', 'Dolorem quia at laborum tempora voluptas ut; nihil numquam laudantium totam voluptatum placeat. Voluptas illum laborum? Dolor sint laboriosam! Doloremque et.', '1cab3f5f-2daa-759f-e936-63d5d5eff719', '15d0d796-1465-4665-fc83-196123975cb2', '2018-04-02 09:48:45', 'Đàm Bảo Ngọc', NULL, NULL),
('3dedab0b-2af0-6b4e-a041-c1ec321fe728', 'M-69148', 'Bơ', 'Hàng xuất khẩu', '43X48J0NF1X08EDK02IFA65TG5FMZHK5V8M02EB39OT7L', '', 1, 77, '2002-02-16', 'Ullam ipsa placeat non quibusdam accusantium voluptatem. Consectetur distinctio unde commodi! Accusantium quia consequuntur omnis qui. Rem laboriosam!', '19029793-2caa-7372-e03d-c9e9e9038fe2', '3700cc49-55b5-69ea-4929-a2925c0f334d', '1977-03-30 19:29:16', 'Nguyễn Thị Ngọc', '2004-04-15 02:47:38', 'Trần Văn Khôi'),
('3df2ebcd-6d28-2729-57c2-579daad24557', 'M-12440', '', '', '4LO80Z7CF9HSD3X3CR8590', '', 1, 425, '1971-01-02', 'Reiciendis tenetur autem; quae illo aut. Dolorem at ut! Qui totam est. Voluptatem optio nihil. Non vitae velit? Aut a corporis! Magnam voluptas eligendi.', '3541ff76-58f0-6d1a-e836-63d5d5eff719', '3b86d2ed-446c-5fce-56be-406293204378', '1970-01-01 00:06:07', 'Liễu Giang Tường', '1970-01-01 00:01:33', 'Vũ Duy Vĩ'),
('3e2b2e81-5437-1a99-9441-c1ec321fe728', 'M-87681', '', 'Hàng nhập khẩu', 'OZV', '', NULL, 53, '2006-07-22', NULL, '39446ba3-3071-7af6-a5a9-deaf32c96293', '3700cc49-55b5-69ea-4929-a2925c0f334d', '1998-11-02 13:18:39', NULL, '2018-03-12 10:07:11', 'Ngô Trần Quang'),
('3e51a46c-4153-229c-7f41-c1ec321fe728', 'M-94964', 'Bia Sài Gòn', NULL, '0IG1Z41Y15C58P70PH816589', '', 1, 639, '1999-08-13', 'Officia quod porro. Architecto debitis dolore. Omnis qui hic. Exercitationem qui sit. In sed error. Sit placeat fugiat? Porro fuga et. Exercitationem enim.', '447816de-6069-15bf-de3d-c9e9e9038fe2', '354f1b13-17bf-1b52-87d5-ba100c6f7bce', '1998-10-27 00:20:48', 'Nguyễn Thị Tú', NULL, NULL),
('3e7dd0ec-7ee5-392a-1277-d9ebc53aac3d', 'M-38205', 'Hạt hHướng dương', '', '95RR1ASA8CZL7V', '', 0, 587, '2016-05-23', 'Error tenetur perspiciatis. Perspiciatis quidem aspernatur sapiente neque voluptatum aut! Iste dolores sed. In excepturi aut commodi. Debitis et dolores.', '174ffc6c-4080-4bc3-a126-71cca92946bf', '1b691e79-236d-5b5a-9d20-39c2f00615e8', '2005-10-18 01:53:10', 'Đàm Bảo Ngân', '1970-01-01 00:00:04', 'Giang Thị Chi'),
('3e9b9b39-3e75-3a20-a941-c1ec321fe728', 'M-02294', '', 'Hàng xuất khẩu', 'UUSZI2V61166K9HBDN7REJF7ABWKV5SBX470', '', 1, 196, '2009-04-22', 'Porro voluptatem repudiandae. Quia quos dolor. Ratione autem cupiditate. Libero soluta labore. Perspiciatis mollitia tempore? Nemo velit ipsum! Omnis.', '3541ff76-58f0-6d1a-e836-63d5d5eff719', '25c6c36e-1668-7d10-6e09-bf1378b8dc91', '2006-10-02 05:46:52', 'Trương Thị Khánh', '1998-05-10 00:31:25', 'Đàm Thị Diệp'),
('3f7028bf-3771-75c5-2380-de64d090a2c2', 'M-51619', 'Thạch đen', '', '82VX', '', 0, 382, '1970-01-01', 'Deserunt neque nihil exercitationem enim; corrupti nihil veritatis. Ut aperiam maxime aspernatur nobis aut. Consequatur perferendis voluptas. Facere iure!', '1944b789-48b3-5241-f588-479bce9b28fc', '3b86d2ed-446c-5fce-56be-406293204378', '1970-01-01 00:00:01', 'Lương Trần Thắng', '1981-09-28 18:04:28', 'Lê Trọng Cường'),
('3fa724dd-431f-5032-2a80-de64d090a2c2', 'M-21269', 'Kem Socola', '', 'R6QL6ZV7', NULL, 1, 601, '2007-03-24', 'Rerum nisi placeat numquam vero rerum. Excepturi vitae ipsam. Voluptatibus quasi vero natus omnis ut quasi!', '447816de-6069-15bf-de3d-c9e9e9038fe2', '6b47b37f-3123-3ce7-14cf-9712082ff6cb', '1992-09-21 19:31:00', 'Trương Văn Phước', '2005-01-16 19:23:10', 'Đoàn Bảo Dung'),
('3fc4ed08-1219-1c6d-5480-7ed9d1ea06ea', 'M-54750', '', 'Hàng đặt sẵn', '07', '', 0, 173, '1975-11-22', 'Atque accusamus odit totam recusandae. Tenetur quia nulla explicabo. Est enim quia! Minus quaerat quia. Quisquam blanditiis omnis. Harum velit omnis.', '71952621-23c8-61d2-d0eb-e423f1575e00', '148ed882-32b8-218e-9c20-39c2f00615e8', '2013-09-11 08:19:01', 'Ninh Văn Dũng', '2014-06-19 05:29:59', 'Đào Thị Khuê'),
('3fed64ec-2f94-798f-0335-60b3ebf808a9', 'M-30027', '', 'Hàng tự chế', 'N4224UE5KEG25B1RF18YR3EB2PHA', '', 0, 512, '1976-04-29', 'Tempora neque dicta. Unde sed vero. Consequatur eos voluptas. Quo commodi numquam. Unde natus quia. Voluptatibus inventore et! Impedit recusandae at...', '3541ff76-58f0-6d1a-e836-63d5d5eff719', '1b691e79-236d-5b5a-9d20-39c2f00615e8', '1979-12-15 19:14:37', 'Triệu Thảo Mai', '1970-01-01 00:09:09', 'Liễu Thị Nhi'),
('3fee1b33-1871-1a41-6235-0028ed526dd0', 'M-29409', '', '', '8L77CND0', NULL, 1, 785, '2008-04-10', 'Ex qui iure. Et natus voluptatem natus. Et ad sint omnis. Qui voluptatem rem ut error id dolor.', '153105e0-6702-29ed-7632-03c92da59c43', '3b86d2ed-446c-5fce-56be-406293204378', '1999-01-30 01:17:27', 'Ninh Hùng Phước', '1970-01-01 00:00:05', 'Hồ Thị Mai'),
('40160288-72cf-185c-c8d2-89b22d10517e', 'M-03114', '', 'Hàng tự chế', '51GQ7213YM2R30571QJW8', '', 0, 71, '1986-02-15', 'Praesentium dolor dignissimos; molestiae error enim. Architecto sed harum. Modi rerum vero. Velit voluptas molestiae. Ut blanditiis amet. Ratione et iste!', '48b51439-3625-6c0c-7532-03c92da59c43', '354f1b13-17bf-1b52-87d5-ba100c6f7bce', '1970-01-01 01:38:10', 'Triệu Tường Kiên', '2006-11-09 22:16:09', 'Đoàn Trần Phước'),
('401e72cc-49b0-5b4a-5335-0028ed526dd0', 'M-42847', 'Lạc', 'Hàng tự chế', 'Z473K3H831JOTB6PE6CAR9J7U22278TE3X0OS1W50660H1E11794R99T959KWPID6D8UD75N', NULL, 0, 299, '1981-03-18', 'Qui a non et unde sed. Qui dolores illum. Necessitatibus earum ullam. Qui soluta corporis. Unde velit et. Mollitia dolorem cum.', '48b51439-3625-6c0c-7532-03c92da59c43', '3b86d2ed-446c-5fce-56be-406293204378', '1971-07-25 20:23:46', 'Giang Duy Đăng', NULL, NULL),
('4029deb6-568c-284f-8941-c1ec321fe728', 'M-94475', '', '', '28TT9AW8X3', NULL, 0, 927, '2007-11-03', 'Voluptatem et blanditiis. Doloribus qui numquam. Aut ea et labore corporis! Minus ut velit temporibus. Autem iure sed. Suscipit omnis voluptates.', '19029793-2caa-7372-e03d-c9e9e9038fe2', '148ed882-32b8-218e-9c20-39c2f00615e8', '2019-03-12 05:08:42', 'Triệu Bảo Kệ', NULL, NULL),
('405d596c-21be-7e1a-3dc2-579daad24557', 'M-58228', 'Fanta', '', '8800I1T9', '', 0, 296, '1979-08-02', 'Ea vel totam nemo fugit saepe est. Sequi nulla quia sed sit nulla eum.', '19029793-2caa-7372-e03d-c9e9e9038fe2', '36104b10-705b-57a8-83c0-08fd2f807219', '1970-01-01 00:58:21', 'Trần Hảo Trung', '1970-01-01 00:08:22', 'Liễu Thị Ngân'),
('407db4d1-222b-287d-0135-60b3ebf808a9', 'M-76602', 'Trà chanh', '', '4P', NULL, 0, 618, '1993-02-15', 'Nihil molestias asperiores. Necessitatibus vero ut. Ipsum adipisci voluptatem. Nemo rerum quia! Deleniti perspiciatis voluptatibus. Sit quidem dolor. Sed!', '73612d31-3ee3-7447-8e7d-817a123d365d', '354f1b13-17bf-1b52-87d5-ba100c6f7bce', '1991-03-07 03:34:35', 'Đoàn Văn Đạt', '1998-05-29 05:18:45', 'Phí Bảo An'),
('40904e10-3084-1af7-2a77-d9ebc53aac3d', 'M-13959', 'Dưa hấu', 'Hàng nhà máy', '2KBJF8P', '', 0, 634, '1970-03-23', 'Minima incidunt repellendus. Amet nostrum ut. Reprehenderit a beatae. Cupiditate suscipit aut; tempora tempore qui. Quam minus quis! Possimus officia placeat.', '74b4ef62-677e-21c3-88db-f21ac591aca5', '148ed882-32b8-218e-9c20-39c2f00615e8', '1970-01-01 00:01:22', 'Lê Hoàng Phước', NULL, NULL),
('409dcd1a-426a-23f7-3a35-0028ed526dd0', 'M-16800', 'Dầu ăn', '', '5ZVNGS01658Y04R068W1A', '', 1, 889, '1975-12-29', 'Numquam nihil dicta. Odit vitae aliquid? Sit sint laboriosam. Quasi ipsa vel. Tempora nam ut! Possimus enim tenetur; odio iste in. Sit nostrum quos. Optio et.', '2102924a-510c-7251-a026-71cca92946bf', '3700cc49-55b5-69ea-4929-a2925c0f334d', '1985-04-03 16:10:31', 'Cao Minh Khoa', '1975-12-12 18:52:05', 'Giang Văn Hùng'),
('40b34c4d-3992-6122-94f6-423b4e874d0f', 'M-68228', '', 'Hàng xuất khẩu', NULL, NULL, 0, 213, '1979-05-03', 'Unde aperiam natus rerum suscipit quidem voluptatem. Et mollitia saepe est dolore doloribus quaerat; aut mollitia perferendis. Placeat sapiente ut.', '153105e0-6702-29ed-7632-03c92da59c43', '6b47b37f-3123-3ce7-14cf-9712082ff6cb', '1991-01-11 01:49:25', 'Ninh Thị Tú', '1994-01-23 06:54:43', 'Hà Thị Vy'),
('40fff47f-4425-60cb-5135-0028ed526dd0', 'M-84401', 'Sữa', 'Hàng nhà máy', '61OT61A3OQRV70K9521BIA6FRCPFAYJQ5M0KP79', '', 0, 174, '2005-05-21', 'Deserunt quasi omnis dicta officia quibusdam. Alias quod voluptas ut rem. Aliquid nobis beatae! Optio quas in quia...', '71952621-23c8-61d2-d0eb-e423f1575e00', '3b86d2ed-446c-5fce-56be-406293204378', '2010-05-20 09:43:58', 'Phí Thị Chi', NULL, NULL),
('4155b8df-1bec-5054-7480-7ed9d1ea06ea', 'M-54110', 'Cocacola', '', '91FD0SX4WEBTGJ86CKTCXDKYH0F2RD81IQKPA6NBA8Q2S7XX5A', '', 1, 938, '1995-03-30', 'Error quo ut quibusdam quia ipsum iste; officiis error quia porro. Et ut voluptatem vel facere autem? Est aut autem.', '67f532a4-1158-2919-d1eb-e423f1575e00', '354f1b13-17bf-1b52-87d5-ba100c6f7bce', '2014-10-21 15:28:56', 'Tô Đình Tài', '1992-03-17 20:19:31', 'Hà Bảo Diệp'),
('417f31fa-5c7b-6b08-6280-7ed9d1ea06ea', 'M-37461', '', '', '4MZ22JAA40W1PO6GVS4916F9KJ845I0N55L21VPHNA17357BH2VS0896WMV06LYS8FHJ164O6DQP1P5W9302I', '', 0, 859, '1985-10-11', 'Praesentium sed dolor cupiditate optio quaerat tempora. Impedit dolor sed nobis voluptatem sequi incidunt.', '153105e0-6702-29ed-7632-03c92da59c43', '148ed882-32b8-218e-9c20-39c2f00615e8', '2001-05-31 09:53:28', 'Hà Văn Thanh', '1970-01-01 01:46:50', 'Hồ Văn Đăng'),
('41c33bf8-1392-530c-2135-60b3ebf808a9', 'M-64522', 'Lạc', '', '8N65P589WD55L7F013XC3V979', '', 1, 376, '1970-02-18', 'In suscipit assumenda; quia neque nisi; animi consectetur accusantium. Facere consequuntur aliquid; consequatur animi voluptatem. Veritatis repudiandae quos!', '71952621-23c8-61d2-d0eb-e423f1575e00', '1b691e79-236d-5b5a-9d20-39c2f00615e8', '1970-01-01 00:00:49', 'Đoàn Văn Khoa', '2009-07-27 23:48:13', 'Phí Minh Đạt'),
('41f1acba-3177-4b1c-c4d2-89b22d10517e', 'M-07256', 'Pepsi', '', 'X5LC337J6525G63L43ZPE23077RO9IA6X400K085QK11GTL04N0711G2VEUZOA5D3G4H186PP3P96', '', 1, 789, '1999-06-16', 'Et alias natus. Aut et omnis. Quaerat nisi quasi; totam deleniti quas. Cupiditate nihil eveniet. Voluptatem dolorum est. Repudiandae natus distinctio. Et id.', '423d5b84-2191-6cce-df3d-c9e9e9038fe2', '25c6c36e-1668-7d10-6e09-bf1378b8dc91', '1997-09-29 19:53:57', 'Đàm Gia Khoa', '1979-01-22 14:42:07', 'Cao Thị Kệ'),
('4268a1e3-25a6-3085-ced2-89b22d10517e', 'M-62703', '', '', 'J443OBJ964G7L19T9AT34UO4058SG341598CL776V39D1T2O0', '', 1, 637, '1971-12-11', 'Et soluta modi a id voluptate rem; omnis ut provident molestiae omnis. Ipsam neque saepe eum doloremque minima quae!', '423d5b84-2191-6cce-df3d-c9e9e9038fe2', '15d0d796-1465-4665-fc83-196123975cb2', '2002-02-10 03:40:38', 'Trương Thái Dũng', NULL, NULL),
('42a13e31-2abb-6171-dc1d-086412a8ea97', 'M-06118', '', 'Hàng tự chế', '69U6784M8', '', 0, 660, '1995-07-29', 'Dolorem quos nam. Unde dicta est. Dicta et eaque. Incidunt magnam quidem. Autem architecto libero; dignissimos recusandae ut. Iure hic qui! Dignissimos eius.', '1cab3f5f-2daa-759f-e936-63d5d5eff719', '25c6c36e-1668-7d10-6e09-bf1378b8dc91', '1970-02-10 03:03:19', '', '1993-08-06 14:49:09', 'Tô Văn Thắng'),
('42b9446a-790b-3892-2ac2-579daad24557', 'M-98287', '', 'Hàng nhà máy', '1247EC', '', 0, 207, '2016-04-10', 'Qui iusto aut. Et unde quod. Quis voluptates voluptatem; iusto quasi aut. Dolor consectetur debitis? Ratione possimus aut. Ducimus earum accusantium? Vel.', '48b51439-3625-6c0c-7532-03c92da59c43', '37dd9bb0-4c53-4134-31de-23e177779933', '1971-06-12 09:41:30', 'Lương Văn Đạt', '1990-09-01 21:48:56', 'Liễu Gia Khuê'),
('42db9027-5e76-257b-33c2-579daad24557', 'M-86231', 'Cocacola', 'Đóng gói', '5ICSECF9098B4EO962891TVYUU34B7E', '', 1, 361, '2019-05-21', 'Sed pariatur totam; sit et id. Iste inventore nulla! Aliquam magnam aliquam. Sit exercitationem quisquam. Adipisci porro architecto. Nulla corrupti aut.', '19029793-2caa-7372-e03d-c9e9e9038fe2', '15d0d796-1465-4665-fc83-196123975cb2', '2011-09-20 10:27:01', 'Đoàn Yến Hà', NULL, NULL),
('430298e0-2d52-2266-5ec2-579daad24557', 'M-44150', 'Lạc', 'Hàng đặt sẵn', NULL, '', 1, 358, '1970-02-12', 'Dolor voluptates totam sed nihil voluptas. Optio ut officia consequatur ex! Fugiat sint animi qui? Quibusdam facilis nemo. Quae ipsam nesciunt!', '48b51439-3625-6c0c-7532-03c92da59c43', '25c6c36e-1668-7d10-6e09-bf1378b8dc91', '1970-01-01 00:00:43', 'Lê Hoàng Thắng', '1995-03-19 10:42:18', 'Triệu Giang Ngọc'),
('434d4eb6-140c-38b4-4cc2-579daad24557', 'M-26704', 'Lạc', '', '59QM', '', 0, 621, '2020-11-30', 'Et natus est impedit. Culpa nihil iusto quasi quaerat et. Itaque fugit nemo minima. Ut qui architecto aut consequuntur obcaecati hic...', '1cab3f5f-2daa-759f-e936-63d5d5eff719', '3b86d2ed-446c-5fce-56be-406293204378', '1970-04-11 14:42:59', 'Triệu Hiếu Huy', '1990-01-12 14:49:54', ''),
('436ac860-2783-2170-e61d-086412a8ea97', 'M-51233', 'Kem Tràng Tiền', 'Đóng gói', 'N88B', '', 0, 52, '1971-09-24', 'Quaerat enim labore in vero deserunt qui. Aut delectus architecto provident aut. Et aut aliquam. Ipsa unde totam labore facere ipsam odio.', '48b51439-3625-6c0c-7532-03c92da59c43', '25c6c36e-1668-7d10-6e09-bf1378b8dc91', '1970-01-01 00:10:32', 'Đoàn Trần Dũng', '1978-12-24 08:43:25', 'Ngô Duy Khoa'),
('443674f7-78a9-5ffa-4f35-0028ed526dd0', 'M-95007', 'Bia Trúc Bạch', 'Hàng tự chế', 'TSI4271', '', 1, 522, '1981-12-10', 'Error qui soluta vitae ducimus. Atque eos quo culpa commodi in laboriosam? Voluptatibus omnis mollitia rerum quae. Omnis dolor quisquam corporis velit et.', '1cab3f5f-2daa-759f-e936-63d5d5eff719', '3b86d2ed-446c-5fce-56be-406293204378', '2004-09-30 14:07:40', 'Trần Gia Cường', NULL, NULL),
('45ae58dc-49a1-14b9-3180-de64d090a2c2', 'M-80597', '', 'Hàng tự chế', '7GM6B5SJB8J4NF9A4G20MXM', '', 0, 95, '1970-01-01', 'Eos perspiciatis quidem aut quo repellat. Est perspiciatis dolores. Necessitatibus voluptatem aut officiis. Alias cum velit ullam repellat voluptates sequi.', '73612d31-3ee3-7447-8e7d-817a123d365d', '1b691e79-236d-5b5a-9d20-39c2f00615e8', '1970-01-01 00:00:01', 'Nguyễn Thị Khuê', '1977-10-15 20:29:07', 'Trương Văn Đạt'),
('45bd4aa1-3832-3db8-d21d-086412a8ea97', 'M-28216', '', 'Hàng đặt sẵn', '82R887C11U9', NULL, 0, 362, '2016-07-05', 'Quasi unde qui perspiciatis illum facilis quam. Eaque corporis aut tempore culpa sit omnis.', '447816de-6069-15bf-de3d-c9e9e9038fe2', '3700cc49-55b5-69ea-4929-a2925c0f334d', '2006-07-22 15:42:37', 'Nguyễn Thị Thúy', NULL, NULL),
('45c09477-664f-1904-0f35-60b3ebf808a9', 'M-15626', 'Kem chanh', '', 'Y69KQ6390E15E92CF0ZEKP7EI5F7S3103255P6CJL7', '', 0, 695, '1988-09-18', 'Modi voluptas reiciendis. Ipsam incidunt quae! Optio dicta mollitia; sit velit dignissimos. Illum cupiditate iste. Reiciendis dignissimos omnis. Neque ut.', '19029793-2caa-7372-e03d-c9e9e9038fe2', '1b691e79-236d-5b5a-9d20-39c2f00615e8', '2008-04-03 18:53:21', 'Nguyễn Thị Kệ', '2000-08-29 19:36:13', 'Nguyễn Thị Thục'),
('46325c89-599d-77ef-74f6-423b4e874d0f', 'M-59316', 'Kem chanh', 'Hàng xuất khẩu', '25YQ5P6G42AIE9T25O9LLJ1', '', 1, 9, '1972-08-23', 'Est nostrum et. Quia dolor accusantium. Qui autem et! Dolor quisquam dolore? Iste ut voluptatem. Eligendi esse natus? Minus omnis consequatur.', '71952621-23c8-61d2-d0eb-e423f1575e00', '6b47b37f-3123-3ce7-14cf-9712082ff6cb', '1988-10-25 17:04:33', 'Nguyễn Thị Anh', '1973-07-08 10:02:55', 'Liễu Trung Hùng'),
('46421cb1-7414-1d61-2c80-de64d090a2c2', 'M-43254', 'Bia Sài Gòn', 'Hàng nhập khẩu', 'S46UYZ', '', 1, 228, '1970-03-26', 'Velit officia rerum ut sit ratione quia.', '19029793-2caa-7372-e03d-c9e9e9038fe2', '36104b10-705b-57a8-83c0-08fd2f807219', '1970-01-01 00:01:25', '', '1970-01-01 00:16:14', 'Giang Thị Diệp'),
('464cab51-7f72-16a0-51c2-579daad24557', 'BH-60809', 'Bia Hơi', '', 'LV048K36C6NH2QE', '', NULL, 4, '1979-03-08', NULL, '79aca385-65e3-1ebe-f488-479bce9b28fc', '15d0d796-1465-4665-fc83-196123975cb2', '2021-10-27 00:00:00', NULL, '2022-05-27 10:15:34', NULL),
('46eaa3fa-4f84-7c8d-3480-de64d090a2c2', 'M-53801', 'Trà đào', 'Đóng gói', 'IZ79JIXH8WH31', '', 1, 401, '1970-02-22', 'Nam quos ab perspiciatis. Laudantium rerum repellat porro accusantium error. Nisi laboriosam molestiae ut sit. Ut ea soluta. Quia qui voluptas!', '174ffc6c-4080-4bc3-a126-71cca92946bf', '15d0d796-1465-4665-fc83-196123975cb2', '1970-01-01 00:00:53', 'Đồng Thảo Thúy', '1987-01-03 05:47:43', 'Trần Văn Vĩ'),
('47447c78-7c3f-29c3-6535-0028ed526dd0', 'M-83243', '', '', 'HZ3791', '', 1, 160, '1971-05-02', 'Corporis corrupti dolores; repellendus minima fugit; nihil odio ipsa. Labore facere aliquam. Beatae unde iste. Consequuntur laboriosam reiciendis! Cum;', '447816de-6069-15bf-de3d-c9e9e9038fe2', '148ed882-32b8-218e-9c20-39c2f00615e8', '1970-01-01 00:08:07', 'Đào Bảo Anh', '2021-08-23 14:07:25', 'Ninh Thị An'),
('474e492f-23a9-509b-a441-c1ec321fe728', 'M-64318', 'Bia Đức', 'Đóng gói', 'Z8J35QGMC3A55OT66PTPT337S7GBD32D6PRQGT572YMVKR795GJMW1634534W87086', '', 0, 512, '1986-05-09', 'Quasi doloribus ad. Autem veritatis quae. Mollitia dolorem maxime. Vitae est quibusdam? Accusamus nisi et. Iste natus aut. Ea praesentium et! Est laborum.', '1944b789-48b3-5241-f588-479bce9b28fc', '1b691e79-236d-5b5a-9d20-39c2f00615e8', '1974-04-09 19:46:56', 'Hà Gia Hà', '1985-08-22 02:08:19', ''),
('4756a513-5900-5b67-1f35-60b3ebf808a9', 'M-30204', '', 'Hàng nhà máy', 'RV90HV2H0T23', '', 1, 451, '1993-09-16', 'Et dicta in sed quaerat unde ab. Suscipit veniam cum est expedita perspiciatis ratione.', '73612d31-3ee3-7447-8e7d-817a123d365d', '3b86d2ed-446c-5fce-56be-406293204378', '1976-08-15 10:29:58', 'Hà Minh Huy', NULL, NULL),
('47576606-508c-670b-ed1d-086412a8ea97', 'M-53815', '', 'Hàng tự chế', 'I4ZLI6053PE9C90MV5ZN45L4F0Z9UN61VCC3M0120MYS3EBNY80796GSA8AC70323842A09QKY2R794JSF9K1C', NULL, 0, 381, '1970-04-13', 'Est et labore. Atque quidem natus! Et voluptates eveniet; ut sed est. Sint consequatur aut; et dolorem labore. Sit aperiam unde. Quo corporis architecto!', '3541ff76-58f0-6d1a-e836-63d5d5eff719', '15d0d796-1465-4665-fc83-196123975cb2', '1970-01-01 00:01:43', 'Cao Thị Diễm', NULL, NULL),
('480ad2ca-2d7e-6977-4077-d9ebc53aac3d', 'M-39797', '', '', 'X295891LZ0TAO2IG63WLF466911SM10D2O1F3VT1B0V47TWCQ169M88J6FD156DDE', '', 1, 635, '1970-04-03', 'Rerum et aliquid. Ut eveniet sit; eveniet quasi pariatur? Id sit quia. Nam incidunt minus. Autem ducimus natus! Laborum ducimus quam. Cupiditate omnis et!', '73612d31-3ee3-7447-8e7d-817a123d365d', '148ed882-32b8-218e-9c20-39c2f00615e8', '1970-01-01 00:01:33', 'Ninh Trọng Kiên', '1994-01-03 11:58:16', 'Vũ Ngọc Nhiên'),
('481183cb-5a6c-795b-68f6-423b4e874d0f', 'M-40431', '', '', '15IKB396O34HL2', '', NULL, 168, '2012-04-01', NULL, '447816de-6069-15bf-de3d-c9e9e9038fe2', '354f1b13-17bf-1b52-87d5-ba100c6f7bce', '1997-07-11 08:21:22', NULL, '2021-12-19 07:29:55', 'Ngô Tường Quang'),
('48147636-7e8f-6939-2580-de64d090a2c2', 'M-25324', 'Dưa hấu', 'Hàng nhà máy', '70NRF6', '', 0, 7, '2016-08-01', 'Amet nihil odio nihil culpa quod sit. Quas et inventore fuga quia ut aut.', '447816de-6069-15bf-de3d-c9e9e9038fe2', '37dd9bb0-4c53-4134-31de-23e177779933', '1978-03-15 02:35:44', 'Đoàn Thảo Hân', '2013-08-30 22:07:41', 'Trương Hảo Tài'),
('4852769b-3986-7c69-2077-d9ebc53aac3d', 'M-24803', 'Dưa hấu', 'Hàng nhập khẩu', '8QK93QR06V23YZZ52261L3B4D8', '', 1, 4, '1984-03-15', 'Expedita unde ipsa ea vel ut. Nobis veritatis laborum sit! Ut eveniet odio. Ut minima et quasi eum aliquid. Dolorem nulla magni.', '153105e0-6702-29ed-7632-03c92da59c43', '148ed882-32b8-218e-9c20-39c2f00615e8', '1983-01-10 06:50:02', '', '1998-06-05 10:36:32', 'Đồng Thị Anh'),
('485c2f8b-26ef-7313-f01d-086412a8ea97', 'M-32179', '', 'Hàng nhập khẩu', '70X4K', '', 0, 6, '1997-10-31', 'Dolores perferendis voluptatem. Ut consequatur dolor! Qui vitae voluptatum. Autem neque error! Non voluptatem error. Soluta rerum ea. Quod sit perspiciatis?', '1cab3f5f-2daa-759f-e936-63d5d5eff719', '6b47b37f-3123-3ce7-14cf-9712082ff6cb', '1994-05-24 16:02:41', 'Trương Trần Kiên', '2012-01-09 09:37:19', 'Liễu Ngọc Tú'),
('4863fe5f-13df-4653-9041-c1ec321fe728', 'M-99522', 'Chân châu', NULL, '77707', '', 1, 752, '1986-12-11', 'Qui nihil quibusdam placeat qui voluptatem vitae...', '174ffc6c-4080-4bc3-a126-71cca92946bf', '3b86d2ed-446c-5fce-56be-406293204378', '1997-11-09 01:24:44', 'Tô Minh Quang', NULL, NULL),
('488526e3-42cc-4255-aa41-c1ec321fe728', 'M-22574', '', 'Hàng xuất khẩu', '88I44R8GK458QI2T076D73059415641D60968C74539U5J9B0Q1354D', '', 0, 686, '2020-04-09', 'Quia sit numquam natus unde maxime iure. Aut ad earum perspiciatis fuga? Numquam sed maiores. Veniam voluptas asperiores! Molestiae inventore sed.', '3541ff76-58f0-6d1a-e836-63d5d5eff719', '6b47b37f-3123-3ce7-14cf-9712082ff6cb', '1985-06-27 23:00:14', 'Nguyễn Gia Dung', '1970-01-01 00:00:07', ''),
('4989ff24-23e7-7b82-b6d2-89b22d10517e', 'M-97341', 'Dưa hấu', '', '4POW4T028685MRPJ37ZOQJ90QN48839', '', 1, 801, '1981-10-10', 'Et est dignissimos. Rerum aut nesciunt; eius et sed. Sit quos et. Dolore voluptas natus. Tenetur adipisci et; harum ea ipsa.', '79aca385-65e3-1ebe-f488-479bce9b28fc', '3700cc49-55b5-69ea-4929-a2925c0f334d', '1991-01-13 14:08:53', 'Hồ Trọng Vĩ', NULL, NULL),
('4a594072-7a23-18da-c9d2-89b22d10517e', 'M-70347', 'Dầu ăn', 'Hàng xuất khẩu', NULL, '', 0, 3, '1972-03-15', 'Ut ipsa vel. Illum ut exercitationem. Unde nostrum dolor. Perspiciatis saepe est. Molestias similique fugiat; rerum nemo in. Dolor in consequatur. Inventore.', '71952621-23c8-61d2-d0eb-e423f1575e00', '148ed882-32b8-218e-9c20-39c2f00615e8', '1970-01-01 00:13:25', 'Phí Hảo Tài', '1977-12-21 07:50:15', 'Đoàn Văn Đạt'),
('4a93533c-166e-153b-5a35-0028ed526dd0', 'M-23301', '', 'Hàng nhà máy', 'C9GU6693MS81', '', 1, 151, '2008-11-27', 'Labore quo facilis sit et praesentium. Id nesciunt reiciendis; et deleniti error aliquid. Quidem eos et delectus!', '73612d31-3ee3-7447-8e7d-817a123d365d', '148ed882-32b8-218e-9c20-39c2f00615e8', '1984-12-15 21:55:04', 'Tô Thị Châu', NULL, NULL),
('4a9854e8-12ac-72ac-2877-d9ebc53aac3d', 'M-57881', '', '', '5093MGRSAKT3WB730', '', 1, 790, '1999-06-03', 'Molestiae qui natus. Beatae illo libero perspiciatis aperiam minus. Sed repellat unde necessitatibus eos nihil ipsa. Dolore dolor reprehenderit iure ut.', '3541ff76-58f0-6d1a-e836-63d5d5eff719', '36104b10-705b-57a8-83c0-08fd2f807219', '2011-11-17 22:26:55', 'Liễu Trần Thanh', '1970-01-01 01:38:35', 'Triệu Thái Khôi'),
('4b619cb2-5b4f-63b3-6335-0028ed526dd0', 'M-00325', '', 'Hàng đặt sẵn', 'KET7K5OQI', '', NULL, 783, '1970-01-02', NULL, '19029793-2caa-7372-e03d-c9e9e9038fe2', '37dd9bb0-4c53-4134-31de-23e177779933', '1970-01-01 00:00:02', NULL, '1970-01-01 00:30:20', 'Ngô Duy Khôi'),
('4b649055-43d5-2b07-de1d-086412a8ea97', 'M-94734', 'Bia Đức', '', '4907E78YT2UY0NIJXICEW', '', 0, 522, '2015-02-11', 'Nihil nostrum harum. Sint nam voluptatem; officia molestias maxime? Rerum magnam deleniti. Maxime quae natus. Dolore ut aut! Pariatur earum asperiores. Ut.', '447816de-6069-15bf-de3d-c9e9e9038fe2', '36104b10-705b-57a8-83c0-08fd2f807219', '2001-11-10 06:35:49', '', '2004-05-22 05:11:30', 'Tô Văn Văn'),
('4b97b88b-69a5-234a-4277-d9ebc53aac3d', 'M-22315', '', 'Hàng nhập khẩu', '069H6Y81', '', 0, 660, '1991-02-12', 'Dolor et culpa tenetur consequatur earum sed.', '73612d31-3ee3-7447-8e7d-817a123d365d', '25c6c36e-1668-7d10-6e09-bf1378b8dc91', '2011-11-16 08:10:50', 'Đoàn Thị Anh', '2007-07-01 00:29:14', 'Ngô Ngọc Tài'),
('4bf4567b-1505-40db-dd1d-086412a8ea97', 'M-47214', '', 'Hàng xuất khẩu', 'A8ZN83EG3H6TK59N38MYCT661AIO2M2CXV082P7R095Y6NM', '', 0, 259, '2017-11-23', 'Placeat et aut sequi eum ut consequatur. Ut quasi consequatur. Aliquid ipsa doloribus porro perspiciatis dolor; molestias ad consequatur...', '3541ff76-58f0-6d1a-e836-63d5d5eff719', '25c6c36e-1668-7d10-6e09-bf1378b8dc91', '1995-12-27 07:58:25', 'Vũ Văn Văn', '1973-09-06 04:06:22', 'Trần Văn Phước'),
('4bf9ecda-2d8e-1724-1d80-de64d090a2c2', 'M-22370', '', 'Hàng nhà máy', '9ZE0A05916N63ZIG7J4DQ75582917I54I8U8FY901D', '', 1, 581, '1982-02-01', 'Et ipsam commodi perspiciatis. Incidunt ut consequatur voluptatem. Dolorem quod voluptates. Consequatur eos quo est modi id vero.', '1944b789-48b3-5241-f588-479bce9b28fc', '148ed882-32b8-218e-9c20-39c2f00615e8', '2009-04-19 04:14:44', 'Thái Giang Tiên', '2005-11-08 05:05:27', 'Nguyễn Thị Hân'),
('4c14bdf4-3327-39eb-2d80-de64d090a2c2', 'M-06795', '', '', 'S8QP452', '', 0, 810, '2002-07-12', 'Dicta quia sed dolore velit ad ipsum. Voluptatem architecto placeat eos alias ab ullam.', '73612d31-3ee3-7447-8e7d-817a123d365d', '148ed882-32b8-218e-9c20-39c2f00615e8', '1970-08-13 23:28:40', '', '2008-03-25 03:36:13', 'Đoàn Duy Cường'),
('4c42e235-3098-1375-f31d-086412a8ea97', 'M-40187', '', 'Hàng nhập khẩu', 'B', NULL, 1, 8, '1971-04-22', 'Omnis quasi ipsam. Voluptatem minus sed? Sed sit quia. Omnis vitae explicabo. Unde magnam nihil. Quis sed aut. Aliquid magni amet...', '79aca385-65e3-1ebe-f488-479bce9b28fc', '3b86d2ed-446c-5fce-56be-406293204378', '1970-01-01 00:07:57', '', '2020-12-26 11:05:33', 'Triệu Trọng Thắng'),
('4c61c74b-4a9f-769e-0d35-60b3ebf808a9', 'M-43337', '', 'Hàng xuất khẩu', 'R7C948WM111SZRQYU486D3A8XZ8Y4EH1UF0O1187D8E0G7LA70E1GY415IPU6JVP649MGXE45U2S00A', '', 0, 846, '1970-01-04', 'Ea et veritatis. Blanditiis molestias sint! Omnis quia ab. Cupiditate ut in! Recusandae obcaecati quidem. Quo rerum expedita. Fugiat sit voluptatem. Ex iste.', '19029793-2caa-7372-e03d-c9e9e9038fe2', '6b47b37f-3123-3ce7-14cf-9712082ff6cb', '1970-01-01 00:00:04', 'Hà Thị Khánh', '2006-11-06 13:46:07', 'Cao Thị Tường'),
('4c62f8b9-6494-7574-ea1d-086412a8ea97', 'M-26362', '', NULL, '4709J87PU3588WJ8LC13TT4YV65Y32RCLG10YCSR7V4D79400M9365II', '', 1, 953, '1970-01-08', 'Aut et debitis dolore dolorem tenetur ipsa. Blanditiis voluptas officiis vel deleniti dolores. Quis quasi rerum; ducimus qui eos debitis sed cum id.', '447816de-6069-15bf-de3d-c9e9e9038fe2', '25c6c36e-1668-7d10-6e09-bf1378b8dc91', '1970-01-01 00:00:08', 'Nguyễn Gia Hoàng', NULL, NULL),
('4c9ebdde-5f9a-58dd-4235-0028ed526dd0', 'M-54163', 'Kem chanh', '', '96V21Q0YY9QU982KUSEA1NBRU4QI0X2X6S91J57488IKP4W2NR7DTP6CZF6995DREON0FUBTA3E7Q5LKZEVFK7UQ400H6K6QC69B354SMBY', '', 1, 362, '1970-01-02', 'Et nobis et ullam pariatur esse dolores.', '73612d31-3ee3-7447-8e7d-817a123d365d', '6b47b37f-3123-3ce7-14cf-9712082ff6cb', '1970-01-01 00:00:02', 'Thái Thị Thục', '1988-08-27 16:49:45', 'Nguyễn Gia Ngọc'),
('4cc606bb-3068-7d32-3f35-0028ed526dd0', 'M-40485', '', 'Hàng tự chế', 'W86176ZPHHC0162L1O73DED2DDIA838NG47FP6WV98ZB5092A8X01RB4QIX7H581SXV3', '', 1, 60, '1981-04-10', 'Et necessitatibus aut vitae aspernatur ex. Repudiandae obcaecati dignissimos culpa. Distinctio unde praesentium non. Est soluta et consectetur. Dolorum...', '2102924a-510c-7251-a026-71cca92946bf', '37dd9bb0-4c53-4134-31de-23e177779933', '1998-03-13 08:17:30', 'Tô Thị Hà', '1993-12-11 03:15:57', 'Hồ Văn Thanh'),
('4d349432-7030-355f-ded2-89b22d10517e', 'M-61793', 'Hồng trà', '', 'TN254588M1WUC86327IO5E5A288FZZ9RQ', '', 0, 293, '1981-06-24', 'Veritatis fuga aliquid eius sit ipsa sit. Vitae et facilis? Sed expedita et magni aperiam harum vitae! Est ut natus nemo dicta quod porro.', '2102924a-510c-7251-a026-71cca92946bf', '37dd9bb0-4c53-4134-31de-23e177779933', '1970-01-01 01:09:53', 'Giang Hùng Vĩ', '1977-12-15 18:30:42', 'Cao Minh Tài'),
('4d4a30d1-798d-4346-f61d-086412a8ea97', 'M-81692', '', '', 'Q304JU1622REFNC4DAEZ5K', '', 0, 268, '1974-04-28', 'Pariatur modi quia. Excepturi quia nemo qui delectus ullam ut. Nam qui inventore? Vel rem enim! Sed vel perspiciatis; eaque maxime iure.', '74b4ef62-677e-21c3-88db-f21ac591aca5', '3b86d2ed-446c-5fce-56be-406293204378', '1996-10-04 02:53:38', 'Đào Thị Dung', '1970-01-01 00:00:07', 'Trương Thị Ngân'),
('4d536cce-31bf-335e-bfd2-89b22d10517e', 'M-46382', '', '', '340KEC8TIOO60084K92W6328ZRG0XT6D0613LM3U77GF6VMJO5MUGZG28RVAR607YLGYCX2YB3QR47X97CZKI4Y9W53165W8S370MV71CJ9T6HM00896', '', 0, 77, '1992-08-09', 'Exercitationem facere natus est dolorem asperiores dolore. Quia ducimus aut; alias explicabo voluptate. Excepturi quasi consequatur. Ut sit natus? Quas...', '153105e0-6702-29ed-7632-03c92da59c43', '354f1b13-17bf-1b52-87d5-ba100c6f7bce', '2000-10-26 04:35:19', 'Lê Tường Đạt', '1988-04-04 10:14:21', 'Đồng Văn Đạt'),
('4d65a4a5-6f4c-6c5e-d7d2-89b22d10517e', 'M-60039', 'Kem Merino', '', 'L08611JEQ71722448UPW8CO16GZ10AM7EJGDEHC51G', '', 1, 49, '2008-08-03', 'Ullam unde natus; reprehenderit iste et. Placeat unde voluptas! Explicabo quibusdam accusamus. Molestiae explicabo reprehenderit. Et enim et. Exercitationem.', '174ffc6c-4080-4bc3-a126-71cca92946bf', '15d0d796-1465-4665-fc83-196123975cb2', '2018-06-18 21:03:35', 'Ninh Thị Hà', '1970-01-01 00:12:23', 'Trương Thảo Vy'),
('4d6d3d5c-26da-45b3-2977-d9ebc53aac3d', 'M-72108', '', 'Hàng đặt sẵn', '2V954C71I1350TM706U17X83EC6OIMJCG1029Y21518KK44KMKU6HGDF8Z72BWUO5X5YG36X9B92S', '', 1, 570, '1973-11-20', 'Consectetur architecto repellendus architecto aut. Quia fuga dolorum corrupti quo omnis? Voluptatum eos dolorum. Nostrum eos pariatur. Et itaque ut!', '447816de-6069-15bf-de3d-c9e9e9038fe2', '354f1b13-17bf-1b52-87d5-ba100c6f7bce', '1977-10-21 05:54:59', 'Đoàn Bảo Mai', '1971-02-03 02:16:04', 'Liễu Thị Chi'),
('4d8a4546-3bf6-301a-3777-d9ebc53aac3d', 'M-22237', '', 'Hàng xuất khẩu', 'H8B4B04DRO4TZS68A34X2CM7B3528CD3Q06F336', '', 0, 2, '1993-05-09', 'Eum distinctio qui. Natus iste nostrum voluptatibus itaque ratione. Ut unde reiciendis. Odit unde sit. Obcaecati quos assumenda. Fugit cumque eveniet!', '1944b789-48b3-5241-f588-479bce9b28fc', '36104b10-705b-57a8-83c0-08fd2f807219', '2005-01-07 15:32:12', 'Hồ Bảo Nhi', '1973-11-03 08:15:43', 'Ngô Thị An'),
('4db9a514-6d87-2ec1-3b35-0028ed526dd0', 'M-12101', '', 'Hàng đặt sẵn', 'UC47JJ13R275MQ3719GBFVVYD8QW2ZQ4HC83N05R4W992A5369X2CA36L02MRT36HEN808NANS9AYA1WZ3DD2F135A1R431XY', '', 0, 441, '1991-07-02', 'Quasi aliquid soluta sit debitis incidunt. Voluptatibus officiis voluptas! Omnis quasi quae. Repellendus in sed; excepturi temporibus quae. Non tenetur qui.', '3541ff76-58f0-6d1a-e836-63d5d5eff719', '3b86d2ed-446c-5fce-56be-406293204378', '2008-10-10 19:01:24', 'Cao Gia Thục', '2007-09-14 02:52:21', 'Thái Văn Cường'),
('4dd0746a-6f49-64fa-1d77-d9ebc53aac3d', 'M-23518', '', '', '1A', '', NULL, 86, '1970-11-23', NULL, '79aca385-65e3-1ebe-f488-479bce9b28fc', '15d0d796-1465-4665-fc83-196123975cb2', '1970-01-01 00:05:27', NULL, '2016-05-23 11:15:05', 'Đào Đình Quang'),
('4e2c885d-5347-35dc-79f6-423b4e874d0f', 'M-21100', 'Trà sữa', NULL, 'B3X4H8Z8865B9HECK6YDHNUSD', '', 1, 5, '1982-10-31', 'Totam omnis explicabo. Eius est cumque voluptas totam placeat earum? Ut iste dignissimos. Eum consequatur sed! Ut vel enim. Aut distinctio sequi!', '423d5b84-2191-6cce-df3d-c9e9e9038fe2', '354f1b13-17bf-1b52-87d5-ba100c6f7bce', '2001-08-23 04:30:14', 'Hồ Gia Thư', NULL, NULL),
('4eb131b8-234a-632f-4b35-0028ed526dd0', 'M-02390', '', 'Đóng gói', 'LTYV', '', NULL, 436, '1970-01-27', NULL, '67f532a4-1158-2919-d1eb-e423f1575e00', '37dd9bb0-4c53-4134-31de-23e177779933', '1970-01-01 00:00:27', NULL, NULL, NULL),
('4efc95ad-2cc2-3f45-bed2-89b22d10517e', 'M-88011', '', '', 'ZMB0X4', '', 0, 127, '2016-03-20', 'Sunt sed voluptatem. Modi quisquam aspernatur. Est necessitatibus nulla. Minima aspernatur voluptatem. Quo eum quaerat! Aut repudiandae sit. Ipsa inventore!', '67f532a4-1158-2919-d1eb-e423f1575e00', '6b47b37f-3123-3ce7-14cf-9712082ff6cb', '1979-02-20 10:34:57', 'Hà Thị Châu', '2011-07-07 07:29:58', 'Nguyễn Minh Đạt'),
('4f605a10-3abd-35ce-ddd2-89b22d10517e', 'M-79687', '', '', '9Q3Y55R0O91YBU6FK7XFO71441XTS81ENT367H619O6SR8XC7U0DH', '', 1, 9, '2017-11-26', 'Sed ipsum unde; et amet voluptates. Et ipsa vel. Voluptate suscipit dolorem. At quo voluptatem. Est voluptatem et. Est molestias dolore; impedit repudiandae.', '447816de-6069-15bf-de3d-c9e9e9038fe2', '37dd9bb0-4c53-4134-31de-23e177779933', '1997-04-12 11:14:20', 'Hồ Thảo Thúy', '1970-08-31 14:58:49', 'Thái Thị Anh'),
('4f65f6c1-4525-16e5-4135-0028ed526dd0', 'M-21016', '', 'Hàng nhập khẩu', 'K111Q', '', NULL, 10, '1987-10-09', NULL, '174ffc6c-4080-4bc3-a126-71cca92946bf', '37dd9bb0-4c53-4134-31de-23e177779933', '2019-10-28 05:12:26', NULL, '2021-06-03 02:12:03', 'Lê Văn Khôi'),
('4f6e3234-1da4-7273-c7d2-89b22d10517e', 'M-40159', 'Fanta', 'Đóng gói', 'C9M49ULR1', '', 0, 987, '1973-07-19', 'Id quos beatae. Voluptatum omnis iste? Et rerum modi iure exercitationem doloribus. Aut beatae amet. Voluptatem sapiente similique. Sunt iste explicabo!', '174ffc6c-4080-4bc3-a126-71cca92946bf', '36104b10-705b-57a8-83c0-08fd2f807219', '1993-02-25 09:57:27', 'Đàm Trần Quang', NULL, NULL),
('500b6761-1631-4f3a-c0d2-89b22d10517e', 'M-43722', '', '', '8A09O0417V1C9B1C3A7U1KJ8Y5P3SU69C49IPG467OXSOLB1U013', '', 1, 636, '1970-02-17', 'Ex sequi exercitationem consequatur non. Excepturi corporis voluptatem sit sed tempora. Ratione enim rerum. Enim est ratione aut sed sit!', '1944b789-48b3-5241-f588-479bce9b28fc', '354f1b13-17bf-1b52-87d5-ba100c6f7bce', '1970-01-01 00:00:48', '', '1987-06-24 22:42:00', 'Đàm Văn Cường'),
('50253399-32d6-3154-5535-0028ed526dd0', 'M-43483', 'Trà sữa', '', 'TEX4G77SDK4SGRJVS6URX7235C10A5E6DB7YZ6LJUKDW32VX70MEP3J46YBCMYH102D8P0AQ93A91Z4WN50WRZ51Q8UJ69NP1KZTWNEH80TO769M6L06DC9IPU738QZPK', '', 1, 25, '2007-09-07', 'Adipisci odio eum. Qui aut rerum? Dolor quia placeat! Eius voluptates necessitatibus. Doloribus cupiditate quis. Eum dolore commodi. Accusantium quisquam est!', '447816de-6069-15bf-de3d-c9e9e9038fe2', '15d0d796-1465-4665-fc83-196123975cb2', '2008-02-04 02:36:45', 'Phí Tường Thanh', NULL, NULL),
('506acf1e-5331-67a9-0d77-d9ebc53aac3d', 'M-43237', '', '', 'ZC4918H63E53084IZK5W36SF10M4TKD', '', 0, 767, '1983-01-15', 'Qui dolorem quaerat assumenda necessitatibus et ut...', '1cab3f5f-2daa-759f-e936-63d5d5eff719', '37dd9bb0-4c53-4134-31de-23e177779933', '1970-01-01 01:19:23', 'Vũ Thái Đăng', '1994-11-09 15:44:10', 'Tô Duy Khôi'),
('50b49b1f-3df8-4b52-db1d-086412a8ea97', 'M-78029', '', 'Hàng nhà máy', 'J610TH', '', 1, 115, '2016-04-23', 'Consequuntur aliquid temporibus. Nostrum voluptatem quas; autem totam sed. Explicabo vero vitae. Rerum itaque nesciunt? Provident nulla error. Incidunt.', '48b51439-3625-6c0c-7532-03c92da59c43', '37dd9bb0-4c53-4134-31de-23e177779933', '1984-04-08 20:45:08', 'Đàm Gia Khoa', '2017-01-25 06:04:29', 'Liễu Thị Ngọc'),
('50c07587-55d5-5b36-1b77-d9ebc53aac3d', 'M-76598', '', '', '76', '', 1, 841, '1979-03-08', 'Asperiores quia at dicta aliquam atque totam. Est quidem ea rerum non natus autem.', '447816de-6069-15bf-de3d-c9e9e9038fe2', '1b691e79-236d-5b5a-9d20-39c2f00615e8', '1980-12-10 05:27:08', 'Phí Giang An', '1979-05-31 00:18:37', 'Đoàn Văn Cường'),
('51510d9a-55bc-1ca2-dad2-89b22d10517e', 'M-59416', '', 'Hàng nhà máy', 'J83VSOU', '', NULL, 11, '1993-03-27', NULL, '74b4ef62-677e-21c3-88db-f21ac591aca5', '148ed882-32b8-218e-9c20-39c2f00615e8', '1987-08-08 17:26:33', NULL, '1970-01-01 00:00:09', 'Đoàn Thị Hà'),
('5163ba6d-4e5a-4043-df1d-086412a8ea97', 'M-72730', '', 'Hàng xuất khẩu', '7SOXZCI51DZF60863X4NU2DW361', '', 0, 364, '1997-10-23', 'Laboriosam sint alias. Perspiciatis pariatur esse. Id voluptate aut. Aut commodi quisquam. Facilis voluptates sed! Voluptatem cumque sequi; tenetur.', '447816de-6069-15bf-de3d-c9e9e9038fe2', '148ed882-32b8-218e-9c20-39c2f00615e8', '2019-04-13 14:04:38', '', NULL, NULL),
('517035f8-43a9-4c59-72f6-423b4e874d0f', 'M-40442', 'Kem Socola', '', 'RJC1WH1595G20W70M13F79OG1LNI37VL7M02M329QK7IZWIC023G4I57ME7', '', NULL, 249, '1996-12-09', NULL, '73612d31-3ee3-7447-8e7d-817a123d365d', '25c6c36e-1668-7d10-6e09-bf1378b8dc91', '1998-12-31 09:06:42', NULL, '1970-01-01 00:00:03', 'Liễu Thị Tường'),
('51958e6c-7851-1fd4-e81d-086412a8ea97', 'M-34880', '', 'Hàng nhập khẩu', '1IY185VP7V4C3', '', 0, 86, '2021-01-04', 'Voluptates quo consequuntur beatae et rerum ut. Temporibus itaque nemo explicabo non ducimus dolores.', '73612d31-3ee3-7447-8e7d-817a123d365d', '25c6c36e-1668-7d10-6e09-bf1378b8dc91', '1982-07-11 17:00:34', 'Đoàn Minh Tài', '1970-01-01 00:01:25', 'Nguyễn Giang An'),
('5197d1d2-21dd-4c76-be88-c8460160e6fc', 'F-60815', 'Fanta', NULL, 'Nhập nguyên lon', NULL, NULL, 100, '2022-06-03', NULL, '79aca385-65e3-1ebe-f488-479bce9b28fc', '148ed882-32b8-218e-9c20-39c2f00615e8', '2022-05-24 00:00:00', NULL, '2022-05-24 15:26:06', NULL),
('51b5ac10-6dea-17ad-2080-de64d090a2c2', 'M-41357', 'Cam', '', 'D975', '', 1, 39, '1976-07-14', 'Ut dicta necessitatibus sunt ex repellendus quo. Quam ut possimus. Unde totam animi. Laborum dolore blanditiis beatae et in quidem.', '153105e0-6702-29ed-7632-03c92da59c43', '37dd9bb0-4c53-4134-31de-23e177779933', '2012-10-28 00:43:18', 'Nguyễn Hảo Văn', '1998-08-15 19:49:43', 'Vũ Văn Phước'),
('51c6e7d3-53bf-49ae-8a41-c1ec321fe728', 'M-24458', '', 'Hàng xuất khẩu', '4KG763Q75M6D3568052A527ZO21M920Q04T8L73', '', 1, 110, '1997-09-07', 'Enim aut voluptas. Delectus eius ad. Ut aut est! Nobis quo commodi. In est quo. Quisquam natus placeat. Quis et aut. Tempora ut hic. Et aut ipsam.', '1944b789-48b3-5241-f588-479bce9b28fc', '37dd9bb0-4c53-4134-31de-23e177779933', '2019-12-08 10:24:51', 'Thái Thị Vy', '1974-03-17 15:09:42', 'Nguyễn Thị Mai'),
('5214114e-32b4-1ab1-9b41-c1ec321fe728', 'M-05197', 'Ốc quế', '', 'V7TPN01Y38E8O02YSO4GDI0W3NFI7R7T9HKIP3Z0O92', '', 1, 775, '2014-01-16', 'Ipsum quia exercitationem facere exercitationem. Dolor id eligendi quo. Eveniet iusto ea. Eos sed aliquam? Eos distinctio aliquam. Necessitatibus quasi.', '67f532a4-1158-2919-d1eb-e423f1575e00', '25c6c36e-1668-7d10-6e09-bf1378b8dc91', '1992-07-04 06:49:19', 'Tô Thị Khánh', '2004-12-29 12:06:09', 'Cao Thị Thục'),
('524751f2-1577-523d-ce1d-086412a8ea97', 'M-46584', 'Trà đào', '', 'X', '', 1, 677, '2014-11-19', 'Adipisci et culpa. Laborum unde animi obcaecati qui molestiae! Quidem laudantium facilis quam? Ut deserunt ipsam. Nulla dolores qui omnis error sed.', '1cab3f5f-2daa-759f-e936-63d5d5eff719', '354f1b13-17bf-1b52-87d5-ba100c6f7bce', '1978-10-31 20:14:37', 'Trương Thị An', '1970-01-01 00:00:06', 'Vũ Bảo Chi'),
('5254e49d-4368-3162-29c2-579daad24557', 'M-92803', 'Bia Sài Gòn', '', '614Q195RFK0U5PU6QN3OC3MN289MU', '', 1, 104, '2007-10-13', 'Sit ipsum voluptatem; voluptatem consequatur odio. Quibusdam impedit provident? Non unde molestias! Quia tempore officiis. Odio nisi et. Iste dicta aperiam.', '48b51439-3625-6c0c-7532-03c92da59c43', '15d0d796-1465-4665-fc83-196123975cb2', '2001-03-17 16:58:50', 'Triệu Hùng Khoa', '1974-10-12 23:04:16', 'Nguyễn Thị Nhung'),
('527e293c-2185-6d0a-5580-7ed9d1ea06ea', 'M-43378', 'Sữa', 'Hàng đặt sẵn', '0MZ7ZS8D935932JW38USE5G6AE5542B9WU7Q2044WY696B9574512G7J6', '', 0, 574, '1971-02-22', 'Sit eaque magni nihil doloribus ullam adipisci.', '423d5b84-2191-6cce-df3d-c9e9e9038fe2', '148ed882-32b8-218e-9c20-39c2f00615e8', '2007-04-21 21:49:30', 'Triệu Thị Thư', '2008-10-24 14:34:21', 'Nguyễn Thị Khuê'),
('52a36f9d-42d4-6841-38c2-579daad24557', 'M-96359', '', NULL, 'R6QJ4Y7DHZW8F379TFLJ8H2EBKYT5NN7XQGJ8YH8A13', '', 1, 786, '2000-05-15', 'Suscipit aperiam ut facilis optio non neque. Quibusdam officiis facere voluptatem molestiae asperiores culpa...', '1944b789-48b3-5241-f588-479bce9b28fc', '354f1b13-17bf-1b52-87d5-ba100c6f7bce', '1992-06-15 17:39:28', 'Trần Hảo Thanh', NULL, NULL),
('535ddd98-1493-7909-1e80-de64d090a2c2', 'M-08336', 'Bia Sài Gòn', '', 'LM97I2', '', 0, 54, '1990-07-16', 'Quisquam amet dolores; rerum est deserunt quidem aut quidem omnis? Et iste et; consequatur porro sed? Sed explicabo ipsa! Est qui sit.', '48b51439-3625-6c0c-7532-03c92da59c43', '3700cc49-55b5-69ea-4929-a2925c0f334d', '1996-08-09 04:46:32', 'Hà Văn Hùng', NULL, NULL),
('5390f963-6023-37c3-5ac2-579daad24557', 'M-22280', '', NULL, '6T4', '', 1, 988, '2009-04-04', 'Est natus et quisquam sit corrupti similique. Aut delectus error earum non perspiciatis dolor.', '423d5b84-2191-6cce-df3d-c9e9e9038fe2', '3700cc49-55b5-69ea-4929-a2925c0f334d', '1972-04-14 19:09:27', '', '2020-12-31 00:44:28', ''),
('53a94363-7679-3c29-59c2-579daad24557', 'M-49727', '', '', NULL, '', NULL, 556, '2008-04-28', NULL, '447816de-6069-15bf-de3d-c9e9e9038fe2', '354f1b13-17bf-1b52-87d5-ba100c6f7bce', '2005-05-11 03:21:51', NULL, '1999-12-29 20:53:57', 'Ngô Thị Tú'),
('53f68d51-267f-2d1e-8241-c1ec321fe728', 'M-50451', 'Bia Trúc Bạch', '', 'BG2E059D9', '', 0, 586, '2021-10-26', 'Sed sit iste iusto quo qui nam. Ut nobis vel aliquid asperiores adipisci pariatur...', '71952621-23c8-61d2-d0eb-e423f1575e00', '15d0d796-1465-4665-fc83-196123975cb2', '1978-04-16 09:28:56', 'Đào Duy Dũng', '1985-03-24 16:50:12', 'Trương Yến Hân'),
('5440d89a-638d-5382-47c2-579daad24557', 'M-43920', '', '', '146UH3KP5809J134RW1VU8P00Q4U6EH03QG25X3L81X9NQY9Z7884662OJ302AG50J6C5', '', 0, 389, '2013-03-13', 'A ea officia. Architecto mollitia rerum. Est deleniti et! Praesentium qui accusamus. Quisquam soluta voluptatibus. Omnis nisi consequatur. Unde sit quibusdam?', '447816de-6069-15bf-de3d-c9e9e9038fe2', '3700cc49-55b5-69ea-4929-a2925c0f334d', '1984-11-17 16:53:30', 'Nguyễn Ngọc Dung', '2017-01-13 00:57:26', 'Trần Thị Ngọc'),
('5521f178-4d4a-7a98-3980-de64d090a2c2', 'M-76504', '', '', 'K43D6150AGBY2S16UJG312Z95ZOQI65KU26IXL10FUUK7NF3S1WX480A9X3JUO88S56H4N0CL2YCDI5727599CIQQ238VNOV', '', 1, 2, '1970-02-09', 'Quia voluptate consequatur labore dolore molestiae vitae. Sit nam illo optio. Debitis iste voluptatem iste labore ducimus sed.', '447816de-6069-15bf-de3d-c9e9e9038fe2', '3700cc49-55b5-69ea-4929-a2925c0f334d', '1983-10-15 23:32:41', 'Đàm Trần Hùng', '1986-12-24 07:18:04', ''),
('56029dc7-404d-16b5-3577-d9ebc53aac3d', 'M-05952', '', '', 'H216', '', 0, 859, '1992-04-22', 'Saepe distinctio tempore. Sed eum nihil. Iure voluptatem cupiditate. Enim ipsam repudiandae. Earum enim error. Totam officiis nihil! Nulla debitis dolore.', '2102924a-510c-7251-a026-71cca92946bf', '15d0d796-1465-4665-fc83-196123975cb2', '2018-10-30 04:22:40', 'Lương Văn Quang', '1977-01-04 15:54:04', 'Ngô Văn Kiên'),
('56249d42-1aee-20b3-3fc2-579daad24557', 'M-19113', 'Trà sữa', 'Hàng nhà máy', '203RYU317F7O15T39P39W073NO63VNJ13L395J911866175F744CGZ8JP73UOZL64CL5S4GU736N', '', 1, 861, '2015-10-21', 'A animi distinctio. Voluptatem voluptate perspiciatis. Vitae labore deleniti? Error iste sed. Ut aliquam nihil. Accusamus voluptatem illo? Voluptas et eum.', '153105e0-6702-29ed-7632-03c92da59c43', '148ed882-32b8-218e-9c20-39c2f00615e8', '2017-12-14 11:30:29', 'Liễu Thị Khuê', '2013-11-27 19:49:15', 'Vũ Trọng Quang'),
('56313fc9-7b84-1517-3080-de64d090a2c2', 'M-71665', 'Thạch rau câu', '', '9', NULL, 0, 65, '1985-08-08', 'Non incidunt voluptate odio cupiditate dignissimos. Facilis veritatis et placeat eligendi. Labore sit amet quia perspiciatis aut! In cupiditate qui.', '174ffc6c-4080-4bc3-a126-71cca92946bf', '25c6c36e-1668-7d10-6e09-bf1378b8dc91', '1970-08-22 22:10:52', '', '1982-08-04 04:59:22', 'Vũ Hùng Thắng'),
('564127b8-58f3-46f3-7df6-423b4e874d0f', 'M-80545', '', 'Hàng xuất khẩu', '5', '', NULL, 900, '2013-09-18', NULL, '2102924a-510c-7251-a026-71cca92946bf', '15d0d796-1465-4665-fc83-196123975cb2', '1977-04-12 08:49:20', NULL, NULL, NULL),
('56547b86-64c2-647f-53c2-579daad24557', 'M-86104', '', '', NULL, '', 0, 4, '1982-12-08', 'Quae eos debitis eum excepturi autem; optio consequatur enim omnis eveniet. Iste sit et perspiciatis vitae ab doloribus...', '79aca385-65e3-1ebe-f488-479bce9b28fc', '15d0d796-1465-4665-fc83-196123975cb2', '1986-07-01 08:52:48', 'Ninh Yến Hà', '1987-02-10 21:56:20', 'Phí Minh Thanh'),
('565c3832-2fbc-2ad0-4735-0028ed526dd0', 'M-34219', '', '', 'C3XZW70EH5J492D7726ISM7QQF2C44ZP2R1IK92XE6VL991S9DNG5761C58P3I4R8BHL9ART5B6H8RXYZ4YNJZ1TS8', '', NULL, 774, '2011-12-29', NULL, '174ffc6c-4080-4bc3-a126-71cca92946bf', '1b691e79-236d-5b5a-9d20-39c2f00615e8', '2012-05-30 05:31:55', NULL, '1980-12-11 15:36:19', 'Liễu Hảo Văn'),
('566cfceb-4e8e-112c-4580-de64d090a2c2', 'M-94172', 'Bia Trúc Bạch', '', '9KR8M8CCX3EJ17XO8PNN721DM95N7FBIQ', '', 0, 43, '1970-03-19', 'Recusandae perspiciatis omnis ea magnam debitis. Et sunt unde. Perspiciatis amet dignissimos? Unde possimus dolore. Qui dolorem neque; voluptatum assumenda.', '67f532a4-1158-2919-d1eb-e423f1575e00', '354f1b13-17bf-1b52-87d5-ba100c6f7bce', '1970-01-01 00:01:18', 'Hà Đình Hùng', '1970-01-01 00:41:57', 'Trương Văn Huy'),
('56867833-46fe-3f3e-cfd2-89b22d10517e', 'M-18142', '', '', '1R04MI36TAW3X7D972ILL3V9DUMCLG886M76EMF0910Z325E7VLT203U0DSWW9792P1A', '', 0, 134, '2002-01-09', 'Aspernatur sed harum quia perspiciatis magni voluptas. Quia accusantium maiores hic porro non voluptatum.', '2102924a-510c-7251-a026-71cca92946bf', '6b47b37f-3123-3ce7-14cf-9712082ff6cb', '1983-09-05 03:05:03', 'Giang Thị Ngọc', NULL, NULL),
('5697b103-5179-7ac3-d31d-086412a8ea97', 'M-46677', '', '', '3T303O', '', 0, 146, '2014-09-22', 'Quia sunt culpa corrupti iste officiis iste.', '19029793-2caa-7372-e03d-c9e9e9038fe2', '6b47b37f-3123-3ce7-14cf-9712082ff6cb', '1978-12-07 06:41:54', 'Triệu Bảo Ngọc', NULL, NULL),
('56aaf263-3355-23ea-b8d2-89b22d10517e', 'M-31128', 'Bia Heniken', '', '2X', '', 0, 1, '1991-07-12', 'Explicabo tempora quo modi incidunt. Assumenda voluptatem hic tempore et obcaecati. Sint eos earum animi ullam ut. Nulla soluta iste.', '48b51439-3625-6c0c-7532-03c92da59c43', '148ed882-32b8-218e-9c20-39c2f00615e8', '2015-11-12 05:12:14', 'Lương Bảo Thục', NULL, NULL),
('56dce332-76f0-6b9b-5080-7ed9d1ea06ea', 'M-66484', 'Hạt bí', 'Hàng nhà máy', '3N7G06R5Y6CBS3R33I2P756H6QY9F80S52Q0G592K2T0760VL3O01ZAAF', '', 1, 274, '1993-11-13', 'Molestiae sunt facere non cumque dolor alias.', '19029793-2caa-7372-e03d-c9e9e9038fe2', '25c6c36e-1668-7d10-6e09-bf1378b8dc91', '2014-09-08 14:22:55', 'Nguyễn Văn Vĩ', '1974-11-04 12:15:09', 'Triệu Thái Đăng'),
('57cdf8c4-47e3-5560-7e41-c1ec321fe728', 'M-09191', 'Cocacola', 'Hàng nhà máy', '88XI4E5CAG66579F0DLO082DY04B19TXH96W4A', '', NULL, 646, '2002-09-13', NULL, '79aca385-65e3-1ebe-f488-479bce9b28fc', '3700cc49-55b5-69ea-4929-a2925c0f334d', '2000-08-28 14:12:39', NULL, '1999-04-28 23:24:02', 'Đồng Thị Tường'),
('57d4e925-6e28-208d-9741-c1ec321fe728', 'M-21510', 'Chân châu', 'Hàng xuất khẩu', '0D0R139RV57', '', NULL, 4, '1970-01-04', NULL, '153105e0-6702-29ed-7632-03c92da59c43', '36104b10-705b-57a8-83c0-08fd2f807219', '1970-01-01 00:00:04', NULL, NULL, NULL),
('57dc4273-5c51-4aea-4d35-0028ed526dd0', 'M-15161', 'Dưa hấu', '', 'O63I2K2PSEO', NULL, 1, 571, '2006-11-29', 'Eaque harum ratione eaque enim dolor. Nihil omnis corrupti. Voluptatum aut libero veritatis aut iste aut.', '74b4ef62-677e-21c3-88db-f21ac591aca5', '37dd9bb0-4c53-4134-31de-23e177779933', '1993-11-14 15:56:54', 'Lê Thị Nhi', NULL, NULL),
('57e115c5-51e2-6d06-7780-7ed9d1ea06ea', 'M-90337', 'Hạt hHướng dương', '', '6JX7GHW428S62K631LQMHNS', NULL, 1, 356, '1989-04-03', 'Qui in illum. Quis quia quod! Numquam dolorum quod. Et ut ullam. Fugiat quod est. Non velit qui! Voluptas eius unde.', '174ffc6c-4080-4bc3-a126-71cca92946bf', '354f1b13-17bf-1b52-87d5-ba100c6f7bce', '1970-01-01 01:57:13', 'Đồng Văn Kiên', NULL, NULL),
('57e65423-37f0-74b0-71f6-423b4e874d0f', 'M-84825', '', 'Đóng gói', '8WWJB674F04V598U9WB039HVOBMRA', '', 0, 594, '2020-05-08', 'Quidem aut repudiandae; adipisci est mollitia. Quas quaerat deserunt. Quis enim rerum! Tenetur itaque est. Dolores expedita error. Quam aut nam.', '39446ba3-3071-7af6-a5a9-deaf32c96293', '36104b10-705b-57a8-83c0-08fd2f807219', '2015-12-09 10:43:22', 'Ninh Tường Khôi', '2022-02-01 17:33:48', 'Đào Thị Nhi'),
('58afd6b5-2205-64f6-9341-c1ec321fe728', 'M-36796', '', '', 'HK60A4333WX873ZE0KH4C8458F32H3OAM4450O7HVS288LLYTE487655GDC9C9MY10K7', '', 1, 904, '1990-10-05', 'Nihil quia unde. Culpa ex hic; qui molestiae quas. Qui voluptate sunt. Nemo iste ad. Officiis nulla veritatis. Commodi consequatur ut.', '74b4ef62-677e-21c3-88db-f21ac591aca5', '3b86d2ed-446c-5fce-56be-406293204378', '1970-01-01 02:06:23', 'Phí Thị An', '2017-10-20 19:44:29', 'Lê Yến An'),
('58c4c755-79ed-5d0f-5bc2-579daad24557', 'M-65518', '', 'Hàng đặt sẵn', NULL, '', 1, 476, '1971-05-22', 'Quia velit sit. Neque optio cupiditate. Qui unde dignissimos. Est culpa soluta; aliquid animi ut. Ut et iusto. Sed corrupti cupiditate.', '423d5b84-2191-6cce-df3d-c9e9e9038fe2', '36104b10-705b-57a8-83c0-08fd2f807219', '2013-11-26 17:44:45', '', '2005-07-07 18:01:22', 'Ninh Thái Thắng'),
('58e49fff-2a42-4ce7-1c77-d9ebc53aac3d', 'M-79405', 'Sữa', 'Hàng nhập khẩu', 'JL25JS88VSCTE97G046MGKK799PSELGQ70X06G42768B22', NULL, 1, 654, '1996-07-10', 'Aut error cum dicta. Dicta in perspiciatis laboriosam rem. Dolorem omnis saepe? Quia aut suscipit iste numquam reprehenderit quibusdam. Error et error.', '1944b789-48b3-5241-f588-479bce9b28fc', '1b691e79-236d-5b5a-9d20-39c2f00615e8', '1981-03-01 23:12:38', 'Đoàn Văn Kiên', '1993-10-27 20:02:29', 'Đàm Văn Huy'),
('592aba45-4643-52ff-c1d2-89b22d10517e', 'M-44775', 'Trà chanh', 'Hàng nhập khẩu', '219W61007JZJ012B7XF5EFK', '', 1, 598, '1970-09-26', 'Possimus sed eveniet suscipit omnis atque sint. Mollitia nesciunt ex sint veritatis distinctio ut.', '73612d31-3ee3-7447-8e7d-817a123d365d', '15d0d796-1465-4665-fc83-196123975cb2', '2017-12-27 11:01:39', 'Thái Thị Khuê', '1970-01-01 00:00:45', 'Tô Thị Thúy'),
('593a5379-47b5-78b2-1a35-60b3ebf808a9', 'M-87188', '', 'Hàng nhà máy', 'GKN555R2FH0WG', NULL, 1, 631, '2001-01-27', 'Optio alias voluptatem. Vel ducimus dolore. Laborum magni id? Sit incidunt odit. Voluptas animi consectetur? Ut sequi numquam. Corrupti est rerum!', '79aca385-65e3-1ebe-f488-479bce9b28fc', '148ed882-32b8-218e-9c20-39c2f00615e8', '2005-05-24 06:39:18', 'Liễu Trung Quang', '1973-08-08 21:00:50', 'Tô Hoàng Huy'),
('5957cf32-7c84-1987-1635-60b3ebf808a9', 'M-62073', 'Kem Merino', '', 'T6DK', '', NULL, 138, '1970-09-25', NULL, '79aca385-65e3-1ebe-f488-479bce9b28fc', '1b691e79-236d-5b5a-9d20-39c2f00615e8', '1970-01-01 00:04:28', NULL, '1997-08-06 11:29:07', 'Nguyễn Ngọc Hùng'),
('595e7d51-318c-39e8-1377-d9ebc53aac3d', 'M-88973', '', 'Hàng tự chế', NULL, NULL, 0, 0, '1980-02-09', 'Mollitia asperiores fuga. Exercitationem adipisci error. Nobis beatae minima. Et fuga nemo. Vitae maxime labore. Qui quidem voluptatem! Aut omnis sed.', '1cab3f5f-2daa-759f-e936-63d5d5eff719', '3700cc49-55b5-69ea-4929-a2925c0f334d', '1991-12-22 14:14:49', 'Liễu Văn Khoa', '2014-05-10 19:31:50', 'Đồng Văn Khoa'),
('59a2f614-253e-1202-6480-7ed9d1ea06ea', 'M-06177', 'Trà chanh', 'Hàng nhà máy', 'B08432KE54EH55US1W9MND45100K06Q32', NULL, 1, 957, '1970-03-12', 'Et voluptatem libero. Ad porro rem eum? Sed saepe natus. Exercitationem et est quia perspiciatis non natus.', '1944b789-48b3-5241-f588-479bce9b28fc', '15d0d796-1465-4665-fc83-196123975cb2', '1970-01-01 00:01:11', 'Ngô Thị Khuê', NULL, NULL),
('59e251d1-677e-7abe-9a41-c1ec321fe728', 'M-78886', '', '', 'K0W8T1H9FEU7U7HNBB', '', 0, 702, '2004-06-12', 'Dolores doloremque temporibus magni. Quia et explicabo ad sit ad et. Aut dolore illum. Labore velit non. Sed ad veniam.', '48b51439-3625-6c0c-7532-03c92da59c43', '148ed882-32b8-218e-9c20-39c2f00615e8', '1990-09-22 08:35:13', 'Ninh Thị Ngọc', NULL, NULL),
('5a841b92-791c-78df-5180-7ed9d1ea06ea', 'M-71062', '', 'Hàng nhập khẩu', '92G60OMU7955W4K3MS2OVF80H7ZBD300715BD4Y744Z4M36O07TEXD4160', '', 1, 69, '2020-08-24', 'Illo natus itaque. Tempora et molestiae accusantium possimus voluptatem magni. Magni velit qui accusamus veritatis minus aut.', '3541ff76-58f0-6d1a-e836-63d5d5eff719', '15d0d796-1465-4665-fc83-196123975cb2', '2003-07-15 04:43:48', 'Hà Thị Thảo', NULL, NULL),
('5b2de668-2f7a-1837-2835-60b3ebf808a9', 'M-29045', 'Quẩy', '', 'H33', '', 1, 526, '2014-03-20', 'Corporis et iste expedita voluptatem iure. Praesentium ut eos. Non officia accusantium nihil sint! Laborum a distinctio omnis.', '1cab3f5f-2daa-759f-e936-63d5d5eff719', '3700cc49-55b5-69ea-4929-a2925c0f334d', '1998-08-08 17:13:57', 'Đồng Giang Diệp', '1970-01-01 00:00:32', 'Giang Văn Văn'),
('5b511806-63ef-7f25-89f6-423b4e874d0f', 'M-26042', '', 'Đóng gói', 'N54YYO', NULL, 0, 8, '1986-01-02', 'Quia qui nesciunt. Error ea reiciendis. Ipsum voluptate impedit. Aspernatur et officiis. Voluptatem inventore dolorum! Saepe et sequi. Nam molestiae est;', '3541ff76-58f0-6d1a-e836-63d5d5eff719', '36104b10-705b-57a8-83c0-08fd2f807219', '1970-01-01 01:37:26', 'Giang Trần Cường', '2021-12-30 09:54:51', 'Hồ Văn Thanh'),
('5b92dd14-27d6-12d0-0e35-60b3ebf808a9', 'M-15816', '', 'Hàng nhập khẩu', 'EIVL5ZUCZ52GU21ZD9J36K98G1LE4OFY4E99JE9L2708Z0T4XP7H0Y24G81WKYB0P5R3Y0MD7WH0FW946ST2E2EM7386539A4K2322685GK5419R569B5O247U0CZ49SER7JX6W0641HGI605L270047R68NA1SG4JEE15Q', '', 0, 35, '1992-11-28', 'Quia veniam ea. Sed dolorum dolore! Qui est sed. Magnam id suscipit. Et tempora provident. Sapiente mollitia perspiciatis. Distinctio maxime placeat! Quidem.', '1cab3f5f-2daa-759f-e936-63d5d5eff719', '25c6c36e-1668-7d10-6e09-bf1378b8dc91', '1979-08-08 15:16:29', 'Thái Tường Thắng', '2009-11-01 03:30:03', 'Liễu Hảo Đăng'),
('5b9d6ecf-45d4-28c7-a141-c1ec321fe728', 'M-74572', '', 'Hàng đặt sẵn', '9M11XO98S9RSGM711K71522NB9ZSSIM54AM942355G3Q9E77HZJQOG1', '', 1, 308, '1971-10-10', 'Sunt sit asperiores; quidem sit aut. Deserunt voluptatem natus. Voluptatem incidunt ea! Eum possimus molestias? Consectetur eius quo. Ut officia sed? Aliquam.', '73612d31-3ee3-7447-8e7d-817a123d365d', '25c6c36e-1668-7d10-6e09-bf1378b8dc91', '1970-01-01 00:10:48', 'Tô Yến Khánh', '1970-01-01 00:00:06', 'Tô Thị Vy'),
('5bf5a119-50b3-59c3-8df6-423b4e874d0f', 'M-76022', '', '', 'T', '', 0, 670, '2012-12-01', 'Natus officiis dolore. Autem laborum tenetur! Ratione totam similique. Quae tempore qui! Ad mollitia ipsum. Id dolor et. Similique dolorum nostrum.', '73612d31-3ee3-7447-8e7d-817a123d365d', '148ed882-32b8-218e-9c20-39c2f00615e8', '1990-07-28 23:11:43', '', '2013-12-24 09:14:54', 'Phí Thị Thảo'),
('5bfbca34-565c-4f6b-4480-de64d090a2c2', 'M-08088', 'Pepsi', NULL, '9BIXRJLCUA47918B9Y557XV07R3115WX7Q4SCZ85Z9FYE3B8C', '', 0, 703, '1980-04-17', 'Maiores voluptatem ut. Corrupti veniam tenetur. Sed et obcaecati? Rerum voluptatem hic; sunt nihil quaerat. Optio sed quod. Voluptas incidunt sed; modi.', '79aca385-65e3-1ebe-f488-479bce9b28fc', '36104b10-705b-57a8-83c0-08fd2f807219', '1970-01-01 01:02:40', 'Ngô Thị Ngân', '1972-06-01 19:31:43', 'Liễu Gia Vy'),
('5c762b70-6ca3-4343-2880-de64d090a2c2', 'M-08776', '', 'Hàng xuất khẩu', '0X3N88OX2885842V2083EC2FQEVC4G4O72M7VZL337E', '', 0, 70, '1970-02-05', 'Magni exercitationem consequatur. Iste impedit a. Similique possimus aperiam! Magnam ut asperiores? Est officia voluptates. In ducimus veniam. Sit ut!', '48b51439-3625-6c0c-7532-03c92da59c43', '354f1b13-17bf-1b52-87d5-ba100c6f7bce', '1970-01-01 00:00:36', 'Hồ Hoàng Đạt', '2016-05-07 18:56:32', 'Triệu Văn Tài'),
('5c7f0ec4-77f2-3794-cf1d-086412a8ea97', 'M-26313', 'Kem Merino', '', 'VE3TR4G21Q24FOANIJM', '', 1, 59, '1972-05-17', 'Facere voluptatem recusandae qui quas quaerat officiis. Voluptatem sed inventore voluptatem ipsam? Velit aut eligendi sequi praesentium. Minima unde et aut...', '1cab3f5f-2daa-759f-e936-63d5d5eff719', '25c6c36e-1668-7d10-6e09-bf1378b8dc91', '1970-01-01 00:14:28', '', '1970-01-01 00:08:32', 'Liễu Tường Tài'),
('5c85f9f2-1de1-4f0a-3e35-0028ed526dd0', 'M-51940', '', 'Hàng xuất khẩu', '45', '', 1, 581, '1987-01-06', 'Illo minus tempore. Est rem facere ullam quia. Facere voluptate perspiciatis! Sed non sit tempora qui quia et.', '153105e0-6702-29ed-7632-03c92da59c43', '3b86d2ed-446c-5fce-56be-406293204378', '1989-02-16 05:46:05', 'Cao Văn Minh', '1972-08-09 13:20:00', 'Thái Hảo Minh'),
('5cc3ee79-4ebb-3108-95f6-423b4e874d0f', 'M-29200', '', 'Hàng nhà máy', NULL, NULL, NULL, 155, '2010-10-05', NULL, '447816de-6069-15bf-de3d-c9e9e9038fe2', '36104b10-705b-57a8-83c0-08fd2f807219', '2001-09-05 00:56:09', NULL, '1970-01-01 00:01:25', 'Đào Hiếu Hoàng'),
('5cc649e9-60e1-5050-5435-0028ed526dd0', 'M-15786', 'Bia Sài Gòn', 'Hàng xuất khẩu', 'RD3PV4WEX35A37W3W4EME1', '', 0, 633, '1970-02-23', 'Quo tempora sed et aperiam. Sit reiciendis ullam voluptas. Minus et debitis. Perspiciatis voluptatem incidunt natus unde modi qui. Dolor eveniet quam.', '71952621-23c8-61d2-d0eb-e423f1575e00', '3b86d2ed-446c-5fce-56be-406293204378', '1970-01-01 00:00:54', 'Triệu Duy Huy', NULL, NULL),
('5d213e77-3e99-4069-3b77-d9ebc53aac3d', 'M-95210', '', '', 'D4YJSTW404IU93GP2B7YGH33XYS2RYX4TP6S19KA582Y8', '', 0, 25, '1970-10-06', 'Cupiditate optio molestias. Reiciendis perspiciatis dolores. Molestiae ea harum! Error unde eos. Neque saepe eligendi; illo quis similique. Dolorem beatae!', '153105e0-6702-29ed-7632-03c92da59c43', '1b691e79-236d-5b5a-9d20-39c2f00615e8', '1970-01-01 00:04:39', 'Liễu Giang Nhung', '1988-11-16 06:58:10', 'Triệu Minh Đăng'),
('5db1da95-4fee-6fde-4180-de64d090a2c2', 'M-87298', '', NULL, 'J537CB5LOL2U1IWG6W186OAQ6604X687WM4Q09E11X639', '', 0, 753, '2019-01-05', 'Unde est voluptatem et dignissimos error rerum. Fugit sit consequatur dolorum? Quia laudantium ratione sed; in recusandae odio. Et numquam inventore.', '447816de-6069-15bf-de3d-c9e9e9038fe2', '15d0d796-1465-4665-fc83-196123975cb2', '1988-09-10 19:21:59', 'Trần Hoàng Phước', '1992-08-14 04:02:50', 'Trần Thị Mai'),
('5dc832b0-169a-1395-37c2-579daad24557', 'M-20777', 'Cocacola', 'Đóng gói', NULL, '', 1, 614, '1970-01-22', 'Est sunt beatae nostrum. Expedita fugit omnis accusantium. Sit perferendis quia asperiores neque. Et ab ut eum aut.', '71952621-23c8-61d2-d0eb-e423f1575e00', '1b691e79-236d-5b5a-9d20-39c2f00615e8', '1970-01-01 00:00:22', 'Đào Minh Đăng', '2014-05-27 13:34:59', 'Tô Thị Tú'),
('5de704c2-573f-1a71-1a80-de64d090a2c2', 'M-53407', '', 'Hàng nhà máy', NULL, '', NULL, 265, '1970-01-07', NULL, '1cab3f5f-2daa-759f-e936-63d5d5eff719', '1b691e79-236d-5b5a-9d20-39c2f00615e8', '1970-01-01 00:00:07', NULL, NULL, NULL),
('5df8c1a2-1b87-75a7-6d35-0028ed526dd0', 'M-98974', 'Cocacola', 'Hàng nhà máy', 'Z625M49T92S', '', NULL, 399, '1970-02-13', NULL, '39446ba3-3071-7af6-a5a9-deaf32c96293', '148ed882-32b8-218e-9c20-39c2f00615e8', '1970-01-01 00:00:44', NULL, '1991-10-19 23:11:46', 'Triệu Duy Khoa'),
('5e018773-114a-3517-54c2-579daad24557', 'M-78622', 'Bia Đức', 'Hàng nhà máy', NULL, '', NULL, 691, '1970-01-10', NULL, '3541ff76-58f0-6d1a-e836-63d5d5eff719', '148ed882-32b8-218e-9c20-39c2f00615e8', '1970-01-01 00:00:10', NULL, '1979-12-18 20:50:40', 'Tô Thị An'),
('5e07660f-437a-6b63-4ac2-579daad24557', 'M-52077', '', '', '385H7805E610930261X211J8', '', 0, 677, '2002-12-15', 'Ipsa cupiditate aperiam tempora laborum tempore sit. Aperiam qui id omnis amet tempore illum.', '1944b789-48b3-5241-f588-479bce9b28fc', '1b691e79-236d-5b5a-9d20-39c2f00615e8', '1992-09-28 20:44:05', 'Lê Thị Kệ', '2003-09-16 17:50:29', 'Hồ Hoàng Trung'),
('5eaa6527-768d-3ae7-1977-d9ebc53aac3d', 'M-39542', 'Lạc', 'Hàng tự chế', '5LZ5XOG0L4V1T107A7J58766Z', '', 1, 3, '2005-09-17', 'Ut aperiam reprehenderit eum quam doloremque perspiciatis. Et nostrum placeat ipsam est reiciendis qui.', '48b51439-3625-6c0c-7532-03c92da59c43', '25c6c36e-1668-7d10-6e09-bf1378b8dc91', '1982-09-04 10:21:17', 'Ninh Hoàng Thắng', '1970-01-01 00:01:24', 'Ngô Thị Nhiên'),
('5ebaaa98-6f11-30ce-1c35-60b3ebf808a9', 'M-73084', '', '', '4RWKHQP8LY356', '', 1, 296, '1985-05-10', 'Et ea provident. Eius natus qui! Nobis labore rerum. Qui et est. Explicabo quos ipsam? Aliquam reprehenderit quia! Assumenda dolorum sunt. Laboriosam natus.', '39446ba3-3071-7af6-a5a9-deaf32c96293', '3700cc49-55b5-69ea-4929-a2925c0f334d', '2016-03-18 20:14:58', 'Đồng Gia Mai', '2018-08-20 00:15:05', ''),
('5edb2be2-7849-4909-c2d2-89b22d10517e', 'M-16727', 'Quýt', '', 'K3W4Z07F9T9A0Z04', '', 0, 628, '1970-01-05', 'Totam error aut. Veniam commodi molestias! Exercitationem quisquam optio. Cupiditate molestiae illo? Omnis eum distinctio. Et voluptatibus non. Est;', '423d5b84-2191-6cce-df3d-c9e9e9038fe2', '354f1b13-17bf-1b52-87d5-ba100c6f7bce', '1970-01-01 00:00:05', 'Tô Thị Khuê', NULL, NULL),
('5f03d543-51ef-39c0-5c35-0028ed526dd0', 'M-87657', 'Dầu ăn', '', '6ROO9W82UVHC9JXK7I4A1UW75V84YRK6UWN19R64A46LDNR9CKH2KB4UEB161V4ZIS', NULL, 1, 966, '1970-01-08', 'Perspiciatis et labore. Mollitia nobis id! Dolores amet nulla. Nesciunt harum unde. Temporibus consequuntur neque. Sit iste dolor. Veniam optio voluptatem.', '1944b789-48b3-5241-f588-479bce9b28fc', '25c6c36e-1668-7d10-6e09-bf1378b8dc91', '1970-01-01 00:00:08', 'Tô Văn Quang', '1970-01-01 00:01:07', 'Hồ Thái Kiên'),
('5f03d745-7702-1c85-2bc2-579daad24557', 'M-10635', '', 'Đóng gói', 'Z768SU2MCQUTS', '', 0, 954, '1973-03-15', 'Atque optio architecto ea aut necessitatibus ducimus. Consequatur magni cupiditate similique quis est et. Laudantium rerum sint omnis aperiam autem aut.', '1cab3f5f-2daa-759f-e936-63d5d5eff719', '354f1b13-17bf-1b52-87d5-ba100c6f7bce', '1998-12-19 06:15:36', 'Phí Thảo Thục', '1970-01-01 01:37:34', 'Đào Thị Thục'),
('5f1a8611-19e1-6b21-6135-0028ed526dd0', 'M-97264', '', '', 'MKN88OLG3H6O79J7W60QSSZA68JQ80ITL7DP7IW74L902NLJ12', '', 0, 7, '1989-04-04', 'Deserunt quo aut. Quas quidem in? Voluptatem magnam sit; et aut a. Quibusdam accusamus dicta! Quis quasi ducimus. Sit reprehenderit error! Amet voluptatem.', '39446ba3-3071-7af6-a5a9-deaf32c96293', '37dd9bb0-4c53-4134-31de-23e177779933', '2010-12-29 00:46:21', 'Ninh Giang An', '1970-01-01 02:33:48', 'Giang Thị Nhi'),
('5f4b1d0a-247b-7049-4435-0028ed526dd0', 'M-34615', '', 'Hàng nhà máy', 'W9DM042ZG499QL8D812ZO4MV4O5CFMUG98L2SUR359P5ZZ8Q08SY6A2UCI59673JU7B66L8D87Y01ZCT5ILSSL3T7A2W9RC9640AL4655YH96942P99CSP4HAI7C35W657C123L3WAGGA3P97E62DPOERJY25N', '', 1, 685, '1970-01-07', 'Ut expedita rerum modi at. Consequatur et debitis corporis vitae iure ad? Id dolore eveniet. Fugit nostrum quis; et labore earum. Quia est unde.', '48b51439-3625-6c0c-7532-03c92da59c43', '148ed882-32b8-218e-9c20-39c2f00615e8', '1970-01-01 00:00:07', 'Ninh Thị Nhiên', '1981-02-08 11:32:35', 'Ngô Thị Khuê'),
('5f78f73f-7e70-7629-4280-de64d090a2c2', 'M-24025', 'Thạch đen', '', '5F5003B', '', 0, 513, '1992-01-17', 'Maiores et ut; suscipit voluptates esse. Fugiat beatae consectetur. Sequi aliquam ea; architecto error in. Nostrum velit voluptate! In qui a. Consequatur et.', '73612d31-3ee3-7447-8e7d-817a123d365d', '6b47b37f-3123-3ce7-14cf-9712082ff6cb', '1973-08-01 20:01:27', 'Lê Yến Vy', '1990-11-06 18:45:55', 'Thái Thị An'),
('5fab4ff7-1b8e-64d0-1880-de64d090a2c2', 'M-30672', '', 'Hàng tự chế', 'V7IO590050', '', 1, 261, '2012-08-20', 'Autem at est velit. Nulla numquam tempore consequatur. Ut quaerat explicabo vel? Nesciunt et voluptas. Sequi ut eum? Quam aut sapiente.', '74b4ef62-677e-21c3-88db-f21ac591aca5', '37dd9bb0-4c53-4134-31de-23e177779933', '2000-06-06 17:18:21', 'Ninh Trọng Khôi', '2015-01-18 09:47:50', ''),
('5fb9392a-4ad5-1fe7-76f6-423b4e874d0f', 'M-44678', '', '', NULL, '', 0, 442, '1989-10-27', 'Voluptates ipsam eaque quisquam sint. Voluptatem iure id aliquam perspiciatis. Totam suscipit aut amet veritatis eos architecto.', '79aca385-65e3-1ebe-f488-479bce9b28fc', '6b47b37f-3123-3ce7-14cf-9712082ff6cb', '1972-02-08 21:07:28', 'Nguyễn Hiếu Vĩ', NULL, NULL),
('5fd0a411-5945-70f7-4a35-0028ed526dd0', 'M-62191', '', NULL, '98CH22Z0V6C73', '', 0, 270, '1997-12-20', 'Quas quasi enim; sunt a est? Neque ipsam ut! Minima ab adipisci. Consequatur ut eos. Voluptatem deserunt repellat. Iste deserunt enim.', '3541ff76-58f0-6d1a-e836-63d5d5eff719', '148ed882-32b8-218e-9c20-39c2f00615e8', '1979-02-15 18:39:04', '', NULL, NULL),
('60b57ac2-2e01-384d-2980-de64d090a2c2', 'M-99996', '', '', 'UZ4781X41J2XOY4541SV3429XYQO03O51Z3OD', '', 0, 227, '1988-10-01', 'Perspiciatis rerum ex est voluptate quas. Ut et ullam. Doloribus nobis sed! Quod ipsa et. In aut fugit. Dolor quasi consequatur.', '67f532a4-1158-2919-d1eb-e423f1575e00', '36104b10-705b-57a8-83c0-08fd2f807219', '2015-04-25 14:18:21', 'Hồ Thị Diễm', '1970-01-01 00:01:31', 'Hà Thị An'),
('60cfb854-3731-4813-5dc2-579daad24557', 'M-69375', 'Bia Hà Nội', 'Hàng xuất khẩu', NULL, '', 1, 723, '1989-11-25', 'Nemo consectetur vero. Quis quo unde. Sed rerum eligendi. Est totam et. Perspiciatis quia fugiat. Consequuntur ea quidem. Ad sed sint. Sit necessitatibus!', '67f532a4-1158-2919-d1eb-e423f1575e00', '1b691e79-236d-5b5a-9d20-39c2f00615e8', '2000-11-18 05:42:19', 'Trương Văn Đạt', '1970-01-01 00:30:14', 'Cao Giang Ngọc'),
('60fa924e-77de-55f3-2377-d9ebc53aac3d', 'M-66545', '', NULL, NULL, '', 1, 9, '1979-04-11', 'Perspiciatis enim sed eos qui est quas. Illum impedit praesentium unde sunt. Sit veniam ex autem sunt cum laboriosam!', '79aca385-65e3-1ebe-f488-479bce9b28fc', '3b86d2ed-446c-5fce-56be-406293204378', '2011-12-21 20:07:21', 'Vũ Bảo Nhung', NULL, NULL),
('60fe46b4-527a-36de-a841-c1ec321fe728', 'M-39192', '', 'Hàng đặt sẵn', NULL, '', 1, 564, '1971-12-16', 'Beatae itaque numquam; dolores iste amet. Perferendis neque dolor; architecto iste magnam. Labore et inventore? Sit doloribus neque. Animi omnis aut.', '79aca385-65e3-1ebe-f488-479bce9b28fc', '354f1b13-17bf-1b52-87d5-ba100c6f7bce', '2008-03-13 08:04:19', 'Lê Bảo Thục', '1981-01-04 02:31:11', ''),
('611bb57c-5f6c-434c-c5d2-89b22d10517e', 'M-87776', '', 'Hàng nhà máy', 'E9V82615F17DTF8Z', '', 1, 917, '1977-06-25', 'Quia harum ab. Modi quia sed. Et accusantium itaque. Unde molestiae sit. Eveniet error cupiditate! Et deserunt dolorem. Ipsam eos consectetur!', '423d5b84-2191-6cce-df3d-c9e9e9038fe2', '3700cc49-55b5-69ea-4929-a2925c0f334d', '1970-01-01 00:45:33', 'Tô Gia Thanh', '1985-04-20 21:28:07', 'Vũ Duy Thắng'),
('613afd47-2fc1-15ed-0735-60b3ebf808a9', 'M-42141', '', NULL, '2Q48463T5MSLF066053I672L9W56N1B9G0T58', '', 1, 526, '1970-01-06', 'Non aspernatur quia. Qui et voluptates. Nihil velit possimus. Molestias quia magnam? Ut rerum soluta. Ab veniam blanditiis? Fugit perferendis exercitationem!', '3541ff76-58f0-6d1a-e836-63d5d5eff719', '148ed882-32b8-218e-9c20-39c2f00615e8', '1970-01-01 00:00:06', 'Ninh Gia Tiên', NULL, NULL),
('61499beb-584c-2b1e-d0d2-89b22d10517e', 'M-19058', 'Trà sữa', 'Hàng tự chế', '4G148U5DELON8FP1ZOJZK71H5O', '', 0, 3, '1970-02-23', 'Aut ipsa dignissimos. Nostrum blanditiis dolor! Velit officiis ducimus. Eligendi molestiae rerum. Et omnis dolore. Et dicta quas! Porro aliquid quisquam.', '19029793-2caa-7372-e03d-c9e9e9038fe2', '354f1b13-17bf-1b52-87d5-ba100c6f7bce', '1970-01-01 00:00:54', 'Lương Văn Thanh', '1973-01-31 13:05:46', 'Thái Hoàng Vĩ'),
('619ecbc4-37bc-19ea-6ff6-423b4e874d0f', 'M-11514', 'Pepsi', '', '19CO4689GDT08FR3', '', 1, 603, '1970-04-01', 'Ut molestiae perspiciatis similique natus. Earum odit dolorum tempora accusamus et. Eum ut voluptate. Sequi ipsum eaque.', '153105e0-6702-29ed-7632-03c92da59c43', '37dd9bb0-4c53-4134-31de-23e177779933', '1970-01-01 00:01:31', 'Tô Ngọc Ngân', '2017-02-15 22:43:46', 'Thái Gia Diệp'),
('61cc168f-3524-218a-2b80-de64d090a2c2', 'M-09110', '', NULL, NULL, '', 1, 987, '1970-01-04', 'Ipsa consequuntur expedita. Soluta commodi distinctio aliquam error dolores aperiam. Autem dolores ut corporis est qui voluptatem.', '39446ba3-3071-7af6-a5a9-deaf32c96293', '25c6c36e-1668-7d10-6e09-bf1378b8dc91', '1970-01-01 00:00:04', 'Tô Bảo Chi', NULL, NULL),
('623727c0-4fb7-573d-c3d2-89b22d10517e', 'M-55960', '', '', 'HXCQ5003BD3B3D5PCK10CW300GNR13Y8KG49463QE885LZN2LC1116IE', '', NULL, 233, '2021-04-11', NULL, '48b51439-3625-6c0c-7532-03c92da59c43', '6b47b37f-3123-3ce7-14cf-9712082ff6cb', '1970-03-06 07:23:29', NULL, NULL, NULL),
('62563348-7bd5-6519-3c35-0028ed526dd0', 'M-68196', 'Quẩy', '', '7CF4RN9ND5CGRL218P85XZG7D', '', 1, 634, '2002-03-15', 'Aliquid quibusdam eveniet temporibus. Excepturi adipisci dolores unde magni cupiditate nulla; error sapiente enim. Accusamus voluptatibus aut rerum ab iste!', '74b4ef62-677e-21c3-88db-f21ac591aca5', '148ed882-32b8-218e-9c20-39c2f00615e8', '1999-01-23 17:26:15', 'Thái Thị Dung', '2012-10-03 18:35:51', 'Hồ Thị Ngân'),
('62870b9a-5a0c-5677-7e80-7ed9d1ea06ea', 'M-50523', '', 'Đóng gói', NULL, '', 1, 53, '1970-01-08', 'Accusantium explicabo delectus; natus facilis sit. Tempore aut enim? Corporis natus totam. Omnis ea aliquid. Qui officia veniam. Sed qui maxime. Veritatis ea.', '447816de-6069-15bf-de3d-c9e9e9038fe2', '3b86d2ed-446c-5fce-56be-406293204378', '1970-01-01 00:00:08', 'Đồng Bảo An', '1970-04-19 16:05:28', 'Vũ Thị Thúy'),
('62af2231-78a7-7caa-cd1d-086412a8ea97', 'M-89103', 'Hạt bí', 'Hàng nhập khẩu', '47BWRVNT', '', 0, 907, '2012-08-03', 'Dolore veniam ducimus neque ullam sint blanditiis. Voluptas sequi sed omnis suscipit quasi iusto.', '39446ba3-3071-7af6-a5a9-deaf32c96293', '15d0d796-1465-4665-fc83-196123975cb2', '1972-06-28 22:34:16', 'Lê Thị Diễm', '1970-01-01 00:04:54', ''),
('62f0ddfa-181a-15aa-90f6-423b4e874d0f', 'M-79870', '', '', '6Z', '', NULL, 872, '2005-05-31', NULL, '48b51439-3625-6c0c-7532-03c92da59c43', '148ed882-32b8-218e-9c20-39c2f00615e8', '1971-05-07 17:40:05', NULL, '1970-01-01 00:01:31', 'Cao Hùng Thanh'),
('632e450d-4c6f-560e-8ff6-423b4e874d0f', 'M-24999', '', 'Hàng nhà máy', 'MM6S7Z471I1O7859QPJ6V44BT3OLJ5810W8F33398159JV3T4PGS5WB4MY38212Y9E39B616AE38PD69O867Q06D5M6YQ31512JE7JA8N82871ATZFLFJUAJ1', '', 0, 2, '1972-09-12', 'Quisquam quod sequi. Eveniet laborum ullam! Ipsam incidunt consequatur. In ex aut? Quis nesciunt eveniet. Obcaecati quidem autem! Eum nam voluptatem.', '71952621-23c8-61d2-d0eb-e423f1575e00', '3b86d2ed-446c-5fce-56be-406293204378', '1970-01-01 00:16:26', 'Giang Bảo Khánh', '1970-01-01 00:00:02', 'Đào Thị Nhiên'),
('6348f879-2be1-5c99-e51d-086412a8ea97', 'M-37706', '', NULL, 'E4OU529', '', 0, 362, '1970-04-06', 'Beatae maiores optio. At mollitia qui; quis sunt quia. Soluta enim ipsa. Natus iste sit. Nulla odit provident. Temporibus ad neque. Unde consequatur iste.', '1cab3f5f-2daa-759f-e936-63d5d5eff719', '25c6c36e-1668-7d10-6e09-bf1378b8dc91', '1970-01-01 00:01:36', 'Trần Ngọc Thắng', NULL, NULL),
('6349b25b-78e2-2d06-2780-de64d090a2c2', 'M-58095', 'Kem Tràng Tiền', 'Hàng nhập khẩu', 'DLW4EQ4EVJ2J', '', 0, 57, '2010-10-15', 'Non perferendis enim. Voluptatem enim quia dolor quia neque impedit? Temporibus dolor maxime. Molestiae voluptatem consequatur in...', '1944b789-48b3-5241-f588-479bce9b28fc', '37dd9bb0-4c53-4134-31de-23e177779933', '1991-03-01 01:52:16', 'Hà Thị Tú', '1971-11-11 06:07:06', 'Lương Văn Văn'),
('6385cdf4-650b-6946-7cf6-423b4e874d0f', 'M-24373', 'Bia Đức', NULL, '0SM4', '', 0, 496, '1970-04-22', 'Accusamus dolore quam. Dolor unde tempore. Ullam amet qui. Recusandae dolore nulla. Deserunt sapiente et? Sed quaerat repellat. Delectus eum tempora!', '79aca385-65e3-1ebe-f488-479bce9b28fc', '25c6c36e-1668-7d10-6e09-bf1378b8dc91', '1970-01-01 00:01:52', 'Giang Thị Vy', NULL, NULL),
('6399a2a5-2afd-3384-da1d-086412a8ea97', 'M-25273', 'Trà sữa', 'Hàng đặt sẵn', '2TM2N9TGS0I', '', 0, 665, '1996-08-11', 'Illo dolor qui iste laboriosam provident. Quo dolores veniam blanditiis qui fugit. Qui excepturi numquam natus vel ea! Accusantium natus non...', '174ffc6c-4080-4bc3-a126-71cca92946bf', '25c6c36e-1668-7d10-6e09-bf1378b8dc91', '1987-10-21 11:27:14', 'Thái Đình Kiên', '2015-07-30 14:22:06', 'Lê Văn Văn'),
('63b8eb29-7fb9-2880-1d35-60b3ebf808a9', 'M-14414', '', 'Hàng đặt sẵn', 'OPUS1XFXQ454AHUL9XYF11KO6MJB3D679GFJ673J36WV596SS05B2SMR8W9W3N2Z4V3V96Z52EHL', '', 0, 263, '2020-09-02', 'Consequatur et sed. Sed qui explicabo iusto ea! Tempore aut accusantium mollitia vel. Natus quia nihil omnis voluptatum labore magni.', '67f532a4-1158-2919-d1eb-e423f1575e00', '37dd9bb0-4c53-4134-31de-23e177779933', '2000-09-05 16:22:57', 'Giang Thị Khuê', '1979-04-10 04:01:44', 'Hồ Văn Văn'),
('63c66820-7397-776d-4ec2-579daad24557', 'L-60810', 'Lạc', 'Đóng gói', '87S51706A8GFI', '', 0, 870, '1989-03-06', 'Quibusdam earum eaque. Error sed tempore. Quaerat accusantium minima; illo perspiciatis repudiandae. Porro quam minus; delectus sit ut. Molestias dolor;', '1cab3f5f-2daa-759f-e936-63d5d5eff719', '148ed882-32b8-218e-9c20-39c2f00615e8', '2021-11-07 00:00:00', 'Cao Văn Minh', '2022-05-27 10:23:24', NULL),
('643eb1df-3f3b-2eec-6e80-7ed9d1ea06ea', 'M-62969', 'Bia Hà Nội', '', '2XX6J4N912V294NZQ827GY5035328HW539UCD146A7OH69PPJ4P0M9H03980WBPFL3', '', 1, 134, '1984-04-16', 'Similique esse voluptates praesentium unde et. Dolor sit deleniti? Ut voluptas amet aliquam nemo quam; nemo velit magni.', '153105e0-6702-29ed-7632-03c92da59c43', '15d0d796-1465-4665-fc83-196123975cb2', '1986-01-10 15:18:08', 'Thái Thị Kệ', NULL, NULL),
('6485b64f-7835-65a4-8041-c1ec321fe728', 'M-73617', 'Bia Heniken', '', NULL, '', 0, 66, '1970-03-03', 'Esse omnis accusantium autem sit quis. Consequatur ea modi ducimus? Veniam quo magnam iusto unde aliquam enim.', '74b4ef62-677e-21c3-88db-f21ac591aca5', '15d0d796-1465-4665-fc83-196123975cb2', '1970-01-01 00:01:02', 'Vũ Ngọc Thảo', '1987-05-30 07:45:55', 'Liễu Thị Thúy'),
('65021ba0-6550-730a-f11d-086412a8ea97', 'M-70529', 'Kem Socola', 'Hàng tự chế', 'BNMW499U336B019P1XA9389V3PK59JYWZA68SCP6A17R0EXRWRV9ZU01TD8JG45YU3DYWI060O5E1VZ9VU9K8XL33K610E8H05C0DPJGH4B4', '', 1, 821, '2006-07-15', 'Inventore dicta rerum fuga necessitatibus qui non. Impedit incidunt tenetur quia sit voluptatum odit.', '74b4ef62-677e-21c3-88db-f21ac591aca5', '25c6c36e-1668-7d10-6e09-bf1378b8dc91', '1972-01-19 04:35:01', 'Hà Minh Văn', '1970-01-01 00:00:11', 'Phí Gia Diễm'),
('65334c99-4eec-773c-2c77-d9ebc53aac3d', 'M-47869', 'Bia Sài Gòn', 'Hàng nhập khẩu', '7G29A3023EGM07QO7G61D6047KE4IV3732MD71BBH96SE5M53E6SKPG89V20W96ONTMM32FH1S', '', 1, 628, '2003-11-22', 'Vel itaque quia fugiat quos odio repudiandae.', '174ffc6c-4080-4bc3-a126-71cca92946bf', '25c6c36e-1668-7d10-6e09-bf1378b8dc91', '1993-03-10 00:25:53', 'Lương Văn Thắng', NULL, NULL),
('65ecf5c2-5298-156e-d51d-086412a8ea97', 'M-92164', 'Trà chanh', 'Hàng nhập khẩu', '5FGX', '', 0, 65, '1970-01-10', 'Qui neque id unde excepturi; pariatur eaque sequi eligendi non et suscipit? Amet blanditiis cum. Rerum sit commodi; rem error vel.', '19029793-2caa-7372-e03d-c9e9e9038fe2', '3b86d2ed-446c-5fce-56be-406293204378', '1970-01-01 00:00:10', 'Vũ Văn Minh', '1991-07-03 23:47:00', 'Lương Trung Thắng'),
('667467e2-6216-209e-8180-7ed9d1ea06ea', 'M-50380', 'Dưa hấu', NULL, 'NNLJ63T80HRQGUD835164TQ8ZX42GE34C', '', 0, 455, '1981-01-29', 'Animi eos quo cum debitis deserunt in. Excepturi eaque ut. Consequatur ut sed qui aut perspiciatis obcaecati.', '174ffc6c-4080-4bc3-a126-71cca92946bf', '6b47b37f-3123-3ce7-14cf-9712082ff6cb', '1999-01-30 14:24:21', 'Nguyễn Gia Vy', '1996-02-24 19:49:24', 'Thái Bảo Chi'),
('668b5d7d-53cd-6d70-7680-7ed9d1ea06ea', 'M-81011', '', '', 'UR7AD2Z0A62C614A92T712DAL394765G2UY7337C7W8A2PJ0145HH76', '', 1, 41, '1984-08-11', 'Voluptatem accusantium voluptatem voluptatum atque. Dignissimos non et quaerat corporis similique pariatur! Modi deleniti ea libero sequi voluptatem et.', '39446ba3-3071-7af6-a5a9-deaf32c96293', '6b47b37f-3123-3ce7-14cf-9712082ff6cb', '2001-08-02 05:43:48', 'Đồng Tường Cường', '1990-12-23 11:44:48', 'Trương Thị Khánh'),
('66c1435b-3547-772d-50c2-579daad24557', 'M-80222', '', 'Hàng đặt sẵn', 'W4B00368IOX5ZU8U', '', 0, 371, '1970-07-30', 'Accusantium maxime exercitationem nihil iure. Consequatur vel consectetur. Corrupti velit et vitae architecto quo enim.', '39446ba3-3071-7af6-a5a9-deaf32c96293', '25c6c36e-1668-7d10-6e09-bf1378b8dc91', '2005-03-31 00:05:33', 'Liễu Thị Thảo', '1974-03-17 17:31:47', 'Nguyễn Thị Ngân'),
('66d46c4c-1de7-4d3a-91f6-423b4e874d0f', 'M-06473', 'Bia Trúc Bạch', 'Hàng nhà máy', '803PWYLK9A2UWCETWN831SEW71H1Q85B81Y9Z10TAH6H65B033YY0OR78BP0N35G2L6Z7V8', '', 0, 92, '1970-01-14', 'Aliquam qui iste omnis error quis doloribus. Asperiores et consequatur natus sit illo odit!', '1cab3f5f-2daa-759f-e936-63d5d5eff719', '15d0d796-1465-4665-fc83-196123975cb2', '1970-01-01 00:00:14', 'Phí Thị Hà', '1973-10-21 07:55:03', 'Ngô Trọng Cường'),
('66ef0b11-1892-1443-1877-d9ebc53aac3d', 'M-53917', 'Bia Sài Gòn', 'Hàng tự chế', 'B2R32KFU5K47MN62YQ4JB11J1BBV98B367HQ749N2CN25M352XK179A', '', 0, 69, '1979-06-17', 'Ut et voluptas. Quis voluptatem aut? Ut vero provident. Ut nostrum iusto. Et sed voluptas. Et exercitationem suscipit. Cumque rerum quam! Aut minima quia.', '19029793-2caa-7372-e03d-c9e9e9038fe2', '3700cc49-55b5-69ea-4929-a2925c0f334d', '2009-10-03 05:10:06', 'Phí Bảo Hà', '1994-05-08 15:16:14', 'Tô Trần Thanh'),
('677132b4-2a33-68d1-26c2-579daad24557', 'M-72420', 'Pepsi', '', 'EF897LN7YI2452P541O3FO4423VHZP9YU39YN', '', 1, 23, '1981-01-22', 'Sit aperiam ad perspiciatis temporibus quis inventore. Qui sit voluptatibus nisi nostrum deserunt laudantium.', '3541ff76-58f0-6d1a-e836-63d5d5eff719', '15d0d796-1465-4665-fc83-196123975cb2', '2018-04-10 10:28:03', 'Ngô Gia Quang', '2003-08-07 11:36:32', 'Phí Thị Thư'),
('6784f58b-4ac0-1a8f-f51d-086412a8ea97', 'M-57206', 'Thạch đen', 'Hàng tự chế', 'I10H028W14P8692N5PWO219Z3C8E1SY810E480W03A8C3U5579PZN3T9MW7K09X', '', 0, 94, '1971-07-30', 'Necessitatibus numquam mollitia numquam fugit omnis iste. Ut iste consequatur consequuntur maiores natus voluptatem.', '174ffc6c-4080-4bc3-a126-71cca92946bf', '354f1b13-17bf-1b52-87d5-ba100c6f7bce', '1990-07-12 17:06:04', 'Trương Đình Huy', '1970-01-01 01:13:02', 'Lê Thị Ngọc'),
('678732d9-6f0c-3bf8-6b35-0028ed526dd0', 'M-13577', '', '', 'F0AQ4DRD1D7V9L2T4YR7829X9X90EOECIUVO6', '', 0, 916, '1985-05-25', 'Fugit vitae vel odit rem temporibus architecto.', '1cab3f5f-2daa-759f-e936-63d5d5eff719', '36104b10-705b-57a8-83c0-08fd2f807219', '2007-03-08 15:07:48', 'Triệu Thị Nhiên', '1984-10-07 15:08:28', 'Liễu Thị Khánh'),
('67e3818b-56b7-4eb0-5c80-7ed9d1ea06ea', 'M-16320', '', '', 'YA0F724YGGC4B11584RN', '', 0, 130, '1970-02-10', 'Perferendis labore omnis dolorum quod; sit aut sed voluptates. Optio aut cum. Voluptas est qui! Numquam odit necessitatibus; quia officiis vel.', '71952621-23c8-61d2-d0eb-e423f1575e00', '36104b10-705b-57a8-83c0-08fd2f807219', '1970-01-01 00:00:41', 'Cao Duy Hoàng', NULL, NULL),
('67f9c991-2cfd-332e-3877-d9ebc53aac3d', 'M-51971', '', NULL, NULL, '', 0, 291, '2000-02-21', 'Animi saepe neque error cum. Quibusdam voluptatem quae nihil vel. Est sint quia autem nisi at aut.', '447816de-6069-15bf-de3d-c9e9e9038fe2', '37dd9bb0-4c53-4134-31de-23e177779933', '2019-04-24 14:31:11', 'Đoàn Văn Phước', NULL, NULL),
('68a440ae-5f36-5eb5-6835-0028ed526dd0', 'M-70969', '', NULL, '34K41O0VFURD1J2Q91M', '', 0, 85, '1999-09-10', 'Et ducimus voluptatem ut natus veritatis at. Et harum id quam. Natus unde minima vel provident voluptate officiis.', '447816de-6069-15bf-de3d-c9e9e9038fe2', '1b691e79-236d-5b5a-9d20-39c2f00615e8', '1975-11-02 17:31:45', 'Trần Thị An', '1979-09-23 08:10:17', 'Hà Thị Kệ'),
('68c6083a-3e64-63ed-49c2-579daad24557', 'M-65754', 'Trà sữa', '', 'DS84T55', '', 0, 128, '2012-07-01', 'Quia ab aut. Atque fugit ea. Aut veniam adipisci. Quo et modi; error voluptas id. Rem quia eveniet. Sunt qui alias.', '48b51439-3625-6c0c-7532-03c92da59c43', '15d0d796-1465-4665-fc83-196123975cb2', '1982-11-05 18:22:33', 'Hà Hùng Kiên', NULL, NULL),
('69214c99-53ca-5018-7f80-7ed9d1ea06ea', 'M-46762', '', 'Hàng tự chế', 'D76', '', 0, 311, '2020-02-13', 'Accusantium ipsam dolorum eos et est velit. Asperiores dolor aliquid dolorem sed iure itaque.', '1944b789-48b3-5241-f588-479bce9b28fc', '25c6c36e-1668-7d10-6e09-bf1378b8dc91', '2008-12-29 20:50:21', 'Đoàn Văn Quang', '2014-01-15 22:38:51', 'Đào Thị Hân'),
('696881d0-44d2-217d-7c80-7ed9d1ea06ea', 'M-16004', '', 'Hàng tự chế', 'LTU835L37N5RKXE00N3', NULL, 1, 0, '1976-09-24', 'Quis veniam eius consequatur. Quia qui quidem sed ut eum ut! Dolores cum recusandae et nemo voluptas aliquid...', '73612d31-3ee3-7447-8e7d-817a123d365d', '3b86d2ed-446c-5fce-56be-406293204378', '1980-10-18 17:31:33', 'Triệu Thị Thục', '1970-01-01 00:04:17', 'Trần Duy Thắng'),
('69fe3947-41b8-19b2-3e77-d9ebc53aac3d', 'M-44356', 'Dưa hấu', 'Hàng nhập khẩu', NULL, '', 1, 976, '1996-04-01', 'Voluptatibus nihil totam corrupti necessitatibus. Rerum minima error explicabo ex odit cupiditate. Sint sit nulla! Porro laudantium ratione. Veniam sit.', '73612d31-3ee3-7447-8e7d-817a123d365d', '36104b10-705b-57a8-83c0-08fd2f807219', '1981-10-02 13:35:26', 'Nguyễn Ngọc Khuê', '1975-05-27 05:55:19', 'Cao Thị Châu'),
('6a50ecc3-384e-2a54-2177-d9ebc53aac3d', 'BC-60803', 'Bánh Custas', 'Đóng gói', 'V903M61Y6647E65G17QTG7MIH5WC8U', '', 1, 765, '1982-02-21', 'Quo sed ratione. Nostrum quasi iste. Accusantium voluptas modi! Consequatur est temporibus. Facere reprehenderit quis; ullam harum dolores. Deserunt incidunt!', '423d5b84-2191-6cce-df3d-c9e9e9038fe2', '1b691e79-236d-5b5a-9d20-39c2f00615e8', '2020-10-17 00:00:00', 'Hà Ngọc Thắng', '2022-05-23 20:37:35', NULL),
('6a763a51-4322-5c5a-b5d2-89b22d10517e', 'BSG-60808', 'Bia Sài Gòn', 'Đóng gói', '9', '', 0, 127, '1978-10-07', 'Omnis itaque quis error et ut. Ab nulla labore velit sit iste quia. Omnis voluptatibus aut accusamus et.', '79aca385-65e3-1ebe-f488-479bce9b28fc', '36104b10-705b-57a8-83c0-08fd2f807219', '2021-05-11 00:00:00', 'Cao Văn Hoàng', '2022-05-27 10:23:33', 'Liễu Trần Đạt'),
('6a797723-324b-6c4c-7080-7ed9d1ea06ea', 'M-37643', 'Pepsi', 'Đóng gói', 'A5NV08AT3D', '', 1, 150, '1996-10-27', 'Veritatis quibusdam tempore. Cumque deserunt ipsum? Nisi aliquid eius. Aut fugit esse. Ipsa corporis cum. Rerum modi repudiandae. Aut aliquam corporis.', '39446ba3-3071-7af6-a5a9-deaf32c96293', '3b86d2ed-446c-5fce-56be-406293204378', '1976-04-23 01:23:52', 'Lê Thị Thư', NULL, NULL),
('6aaa3ade-5fea-78c5-7880-7ed9d1ea06ea', 'M-45054', 'Xúc xích', '', 'Y4JSPT39WXRVO24QI2YG90H5KLKXNCR10H', '', 0, 28, '2022-04-23', 'Et saepe error laborum excepturi modi; nulla error soluta voluptates ea omnis est. Esse quia et corporis.', '39446ba3-3071-7af6-a5a9-deaf32c96293', '15d0d796-1465-4665-fc83-196123975cb2', '2013-11-23 06:49:50', '', '1970-01-01 02:11:39', 'Hồ Gia Ngọc'),
('6b003232-3bbd-7f5b-2f77-d9ebc53aac3d', 'M-36532', 'Bia Hà Nội', 'Đóng gói', 'Q46', NULL, 1, 745, '1970-01-04', 'Incidunt esse quae. Quis veniam ea! Qui illo eos. Magnam eveniet voluptas. Ea dolorem cupiditate. Exercitationem reiciendis omnis! Officiis natus dolorem.', '73612d31-3ee3-7447-8e7d-817a123d365d', '1b691e79-236d-5b5a-9d20-39c2f00615e8', '1970-01-01 00:00:04', 'Nguyễn Thị Khuê', '1970-01-01 00:00:32', 'Trần Văn Thanh'),
('6b12b154-39d3-1a5b-2280-de64d090a2c2', 'M-98250', 'Hạt hHướng dương', 'Đóng gói', 'M9Z84001M2HY', '', 1, 439, '2016-01-23', 'Necessitatibus sequi velit in non fugit adipisci. Labore autem totam et obcaecati sit qui. Qui rerum commodi ut et quod.', '39446ba3-3071-7af6-a5a9-deaf32c96293', '3b86d2ed-446c-5fce-56be-406293204378', '2012-05-09 16:52:38', 'Vũ Thị Nhung', '1980-01-06 11:24:57', 'Tô Giang Tiên'),
('6b26072c-3dd5-2353-4377-d9ebc53aac3d', 'M-23505', '', 'Hàng nhập khẩu', '65CV2U650YHVD35983SFF0QWLU2G734KS55V744Z1E74J1H9H6', NULL, 0, 564, '2007-09-23', 'Dolorem reprehenderit sit qui. Laborum itaque quae provident expedita officia? Corrupti perferendis officiis. Beatae doloremque rerum. Doloremque molestias;', '19029793-2caa-7372-e03d-c9e9e9038fe2', '15d0d796-1465-4665-fc83-196123975cb2', '1980-11-01 09:59:06', 'Trần Hùng Tài', '2004-04-06 18:46:08', 'Triệu Thảo Mai'),
('6b3600cd-500f-4faf-5035-0028ed526dd0', 'M-93838', '', 'Hàng nhà máy', 'WL2TK12', '', 1, 303, '1971-06-02', 'Dolores ex illo; enim dolore voluptatem. Fugit et cupiditate. Nemo ut placeat. Itaque qui modi. Et reprehenderit reiciendis. Inventore similique laudantium!', '79aca385-65e3-1ebe-f488-479bce9b28fc', '6b47b37f-3123-3ce7-14cf-9712082ff6cb', '2014-07-06 13:46:34', 'Hà Gia Vĩ', '2009-09-27 21:55:38', 'Thái Duy Huy'),
('6b42bec6-7d3f-14bb-3380-de64d090a2c2', 'M-72353', '', 'Hàng đặt sẵn', '32678H1035QC12THD6OO45XH26280S25WQD07BJ14I6J9VE62PXB9G2V3C7285HQU6U0C4JYIQ376', '', 0, 764, '1978-04-17', 'Consequatur esse et optio ex perspiciatis maxime; omnis sed voluptatem. Omnis facere ut. Velit obcaecati ut. Ut facilis vitae! Fuga dignissimos et.', '73612d31-3ee3-7447-8e7d-817a123d365d', '3700cc49-55b5-69ea-4929-a2925c0f334d', '2020-04-25 06:05:04', '', '1993-11-18 18:36:46', 'Ninh Hoàng Hoàng'),
('6b45cb9f-6de5-7a17-2d77-d9ebc53aac3d', 'M-80018', 'Bia Hà Nội', '', '67KSSP6Y249JI8M8L5AL8SVB5', '', 0, 306, '1983-04-21', 'Repellat repellendus ab nemo quo est enim.', '153105e0-6702-29ed-7632-03c92da59c43', '25c6c36e-1668-7d10-6e09-bf1378b8dc91', '1973-09-05 10:54:37', 'Đoàn Thị Tiên', '1972-03-06 04:48:58', 'Đào Văn Đăng'),
('6b550b8f-7ff9-51bc-0f77-d9ebc53aac3d', 'M-46374', '', 'Hàng nhà máy', '5DHY82946YRTSS9A2F59UUMCUX4N7086AGK44206BBVG9531199YU0I076CS3Z1415A7F2701W', '', NULL, 567, '1979-01-28', NULL, '74b4ef62-677e-21c3-88db-f21ac591aca5', '6b47b37f-3123-3ce7-14cf-9712082ff6cb', '2003-05-22 12:19:23', NULL, '1970-01-01 00:08:53', 'Trần Minh Kiên'),
('6b76d607-7d60-38a2-5680-7ed9d1ea06ea', 'M-84648', '', NULL, 'MWC046IPX6E8V1DLC3F1I0M4533H7FXXB3NXD9O46231625PW6O2Q129LDZ2VGZ40Z840467FDD9ZUVWP6P0N19ZG0D8CJSM2V1S0V77VD2TJ4341R20B523', '', 0, 636, '1982-06-21', 'Eveniet natus culpa. Quos eaque sed? Facilis sunt velit! Quasi earum dolor. Autem voluptas eaque; maiores numquam quas. Est sequi atque!', '71952621-23c8-61d2-d0eb-e423f1575e00', '37dd9bb0-4c53-4134-31de-23e177779933', '2008-07-24 02:49:31', 'Tô Văn Minh', NULL, NULL),
('6b9348f5-1362-7ba5-1235-60b3ebf808a9', 'M-43334', '', 'Hàng nhập khẩu', 'D6S093', '', 0, 3, '2009-03-03', 'Ipsam nisi nobis minus omnis harum ea. Voluptatem ut sit culpa fugit quibusdam quia.', '71952621-23c8-61d2-d0eb-e423f1575e00', '37dd9bb0-4c53-4134-31de-23e177779933', '2015-04-06 13:17:46', 'Trần Duy Hùng', NULL, NULL),
('6bb2a723-7c18-1df2-0b35-60b3ebf808a9', 'M-82882', '', 'Đóng gói', 'W2', '', 1, 143, '1974-12-10', 'Ipsum libero voluptatem ea. Porro id dolorem sed. Aspernatur id sit unde dolor exercitationem amet? Tempore quis aut; in veritatis sit. Quia non vel.', '423d5b84-2191-6cce-df3d-c9e9e9038fe2', '354f1b13-17bf-1b52-87d5-ba100c6f7bce', '1974-07-31 19:54:31', 'Cao Gia Khoa', NULL, NULL),
('6c06cf05-4533-4cfe-4fc2-579daad24557', 'M-22145', 'Trà sữa', '', '69BLUO4ESY51T9H2A581F', NULL, 1, 560, '2000-06-10', 'Commodi suscipit sunt consequatur. Aut quas ut iure sed tempora? Sed recusandae quas quae assumenda; ducimus qui iste. Debitis natus in!', '153105e0-6702-29ed-7632-03c92da59c43', '3b86d2ed-446c-5fce-56be-406293204378', '1980-05-07 15:14:23', 'Cao Thị Dung', '1970-01-01 00:00:07', 'Ngô Thị Hân'),
('6c3c5faa-7f24-5ca3-ad41-c1ec321fe728', 'M-35816', '', 'Đóng gói', NULL, NULL, NULL, 334, '1982-07-13', NULL, '423d5b84-2191-6cce-df3d-c9e9e9038fe2', '148ed882-32b8-218e-9c20-39c2f00615e8', '1984-11-05 14:03:20', NULL, '1981-06-27 06:31:44', 'Lương Trung Vĩ'),
('6c4efcd6-2c86-28c8-a641-c1ec321fe728', 'M-67437', '', 'Hàng nhà máy', 'G095', '', 1, 195, '1998-03-09', 'Commodi id delectus et nisi provident minus; asperiores voluptatem at. Non veritatis ea? Nam accusamus laboriosam. Iure reiciendis et? Quidem quod id.', '74b4ef62-677e-21c3-88db-f21ac591aca5', '148ed882-32b8-218e-9c20-39c2f00615e8', '1978-08-16 18:51:54', 'Ninh Tường Cường', '1980-10-23 04:41:51', 'Thái Thị Nhung'),
('6c5b9fe7-14c9-3bb5-b4d2-89b22d10517e', 'M-46577', 'Chân châu', NULL, '2RUOW87TJ6HKE032F2GN8Y9F9', '', 0, 623, '2004-12-10', 'Aut optio qui. Sequi eveniet ullam! Nesciunt error corporis aliquid possimus commodi veritatis. Sed sint omnis. Cumque unde nobis. Perspiciatis eius mollitia.', '71952621-23c8-61d2-d0eb-e423f1575e00', '148ed882-32b8-218e-9c20-39c2f00615e8', '1997-07-03 06:06:28', 'Đoàn Duy Vĩ', NULL, NULL),
('6c80a684-1cb5-41af-ff34-60b3ebf808a9', 'M-38697', '', 'Hàng xuất khẩu', '7KB3MW1', '', 0, 37, '1980-02-19', 'Aut fugiat veritatis. Reiciendis voluptatem pariatur. Corporis et consequuntur; sit necessitatibus animi. Dolores esse error; commodi veritatis iste. Error...', '423d5b84-2191-6cce-df3d-c9e9e9038fe2', '25c6c36e-1668-7d10-6e09-bf1378b8dc91', '2003-02-08 05:25:49', 'Tô Thị An', '1988-03-27 00:25:03', 'Lê Trần Phước'),
('6cd9a4b7-47b6-4f17-8ef6-423b4e874d0f', 'M-30431', '', '', 'UWM9SR82V8K3J46PIJ359AV11AS4714YNXD15LEXUEFI1E00', '', 0, 972, '1974-04-15', 'Perspiciatis voluptatem beatae ducimus sed. Qui commodi odit. Sequi iusto nemo voluptatem ea a aut.', '74b4ef62-677e-21c3-88db-f21ac591aca5', '36104b10-705b-57a8-83c0-08fd2f807219', '2018-12-12 04:24:58', 'Cao Văn Vĩ', '1984-06-03 22:11:58', ''),
('6d489b13-7396-7986-1577-d9ebc53aac3d', 'M-42462', '', 'Hàng xuất khẩu', 'TH48U35WU3S2', '', 0, 773, '2000-02-03', 'Blanditiis temporibus molestiae. Illo qui cum. Ut voluptas ut. Harum totam aut? Qui aut laudantium. Natus fugit et! Illo at consequatur. Minima autem ex.', '73612d31-3ee3-7447-8e7d-817a123d365d', '6b47b37f-3123-3ce7-14cf-9712082ff6cb', '1999-09-15 08:33:06', 'Triệu Thị Vy', NULL, NULL),
('6d7def1b-4b7e-52aa-8f41-c1ec321fe728', 'M-72829', '', 'Hàng nhập khẩu', NULL, NULL, 1, 592, '1989-01-20', 'Placeat quis expedita. Sit illum sed. Similique et id! Illo molestias sed. Esse ut repudiandae! Porro nihil quia. Sequi aut cumque! Praesentium et ab.', '1cab3f5f-2daa-759f-e936-63d5d5eff719', '6b47b37f-3123-3ce7-14cf-9712082ff6cb', '1992-06-07 16:44:33', 'Trương Văn Hoàng', NULL, NULL),
('6dcdb6b6-273a-6aaa-8541-c1ec321fe728', 'M-75766', 'Bơ', '', NULL, '', 0, 189, '2012-04-12', 'Rerum necessitatibus labore. Officiis quod et. Nobis eaque incidunt? Dolores iste tempora. Et repudiandae dignissimos! Sit aliquid esse. Aut consequuntur.', '71952621-23c8-61d2-d0eb-e423f1575e00', '6b47b37f-3123-3ce7-14cf-9712082ff6cb', '1981-03-11 08:14:32', '', '1970-01-01 00:15:57', 'Nguyễn Thị Châu'),
('6e1ed17d-2114-41fc-9e41-c1ec321fe728', 'M-94209', '', 'Đóng gói', '6I5016199RF0NFDI3DFY70S96H44696KB01Z77AS77M49NRB1', '', 0, 541, '2004-01-19', 'Repellendus doloremque aut id assumenda sit qui.', '1cab3f5f-2daa-759f-e936-63d5d5eff719', '3b86d2ed-446c-5fce-56be-406293204378', '1985-07-14 15:56:51', 'Cao Thảo Thục', '2016-09-23 20:43:32', 'Đồng Yến Nhung'),
('6e3f7a8c-2f78-16a9-36c2-579daad24557', 'M-38928', 'Bơ', NULL, '38T648NO1CR02T1DBC5OD6S6FUE1YSOF', '', 0, 247, '1997-07-12', 'Voluptatem ut quaerat qui. Ut numquam libero sunt sit ut ex! Alias sed repellendus ut earum. Natus sit natus. Non reprehenderit quaerat.', '48b51439-3625-6c0c-7532-03c92da59c43', '1b691e79-236d-5b5a-9d20-39c2f00615e8', '2014-02-05 07:34:37', 'Đào Thị An', NULL, NULL),
('6e5bdc72-59a2-5141-7af6-423b4e874d0f', 'M-74879', 'Kem chanh', 'Hàng đặt sẵn', '298B', '', 1, 888, '2016-08-25', 'Doloribus et veniam. Autem suscipit illo. Sed qui voluptas ut aut. Ut quis omnis iste nihil aut cupiditate!', '48b51439-3625-6c0c-7532-03c92da59c43', '3b86d2ed-446c-5fce-56be-406293204378', '2007-09-06 18:24:41', 'Giang Thị Hà', '2017-08-12 19:12:15', 'Hồ Hùng Thanh'),
('6e60b234-643f-288e-7ff6-423b4e874d0f', 'M-82526', 'Dầu ăn', '', '372G6D8ZP21C4TIQI2L', NULL, 1, 5, '1984-07-16', 'Dignissimos error nesciunt; eos et aut. Quasi est voluptatem! Omnis quia vel. Rem odio aut. Inventore odio atque! Voluptatem minus expedita.', '73612d31-3ee3-7447-8e7d-817a123d365d', '25c6c36e-1668-7d10-6e09-bf1378b8dc91', '1970-01-01 01:28:31', 'Cao Thị Khuê', NULL, NULL),
('6ec68a82-7ea5-2028-a541-c1ec321fe728', 'M-64967', 'Kem Socola', '', 'U84M94017772S49LXY924756GFMHLY75F', NULL, 1, 339, '1979-06-16', 'Eos autem ut ad porro error. Et quia laborum dolorum sequi sit perferendis; sit porro excepturi consequatur facere voluptatem ullam.', '3541ff76-58f0-6d1a-e836-63d5d5eff719', '1b691e79-236d-5b5a-9d20-39c2f00615e8', '2008-01-07 10:20:02', 'Phí Thị Thảo', '1971-01-30 16:04:17', 'Hà Ngọc Văn'),
('6eff6332-24fb-3f22-2335-60b3ebf808a9', 'M-95461', 'Bia Trúc Bạch', '', 'Q01NY2UT0', '', 1, 1, '1974-07-17', 'Rerum nostrum magni. Soluta quis inventore; voluptas possimus aliquam. Culpa quia veniam! Ipsa architecto exercitationem. Et illo quis. Reiciendis ut velit.', '2102924a-510c-7251-a026-71cca92946bf', '37dd9bb0-4c53-4134-31de-23e177779933', '1981-11-07 15:57:27', 'Ngô Thái Phước', '1970-01-01 00:00:53', 'Ninh Đình Văn'),
('6f1014db-2ff0-613b-bdd2-89b22d10517e', 'M-84877', 'Chân châu', 'Hàng nhập khẩu', '25BAC4I', NULL, 0, 865, '1974-07-10', 'Corporis et sed. Cumque distinctio nihil. Eius ab commodi! Dolor voluptatem rem. Qui sed error. Tempora quo quisquam; quas fugit eligendi. Et dolor quia!', '153105e0-6702-29ed-7632-03c92da59c43', '15d0d796-1465-4665-fc83-196123975cb2', '1970-01-01 00:27:32', 'Thái Thị Anh', '2006-03-31 06:19:51', ''),
('6f51ea57-13b2-139f-1177-d9ebc53aac3d', 'M-79250', 'Bơ', 'Hàng tự chế', 'X7D3', '', 1, 800, '1985-09-05', 'Inventore natus dicta consequuntur. Et aspernatur libero recusandae et impedit natus. Quasi tenetur voluptates ut laboriosam suscipit aliquam.', '48b51439-3625-6c0c-7532-03c92da59c43', '1b691e79-236d-5b5a-9d20-39c2f00615e8', '2002-05-28 11:36:41', 'Triệu Thảo Thảo', '1975-06-19 07:11:00', 'Trần Thái Đạt'),
('705a21b7-6a47-5cdc-3780-de64d090a2c2', 'M-17994', 'Cam', '', '385BXU209SZ6XFA6XT3Q51K2S4U3US94WOY45M373964', '', 0, 331, '1993-10-27', 'Vel illo neque ab quia ipsum. Magni quia nihil! Possimus excepturi ducimus. Ut ad suscipit. Ut qui omnis. Enim odit officiis.', '2102924a-510c-7251-a026-71cca92946bf', '37dd9bb0-4c53-4134-31de-23e177779933', '2010-07-25 16:43:16', 'Hà Văn Khôi', NULL, NULL),
('707e1336-6584-55de-8341-c1ec321fe728', 'M-02702', '', '', '611ICK8ADQ8PY8', '', 0, 181, '1970-03-30', 'Reprehenderit saepe cum nesciunt est saepe animi. Qui totam et. Voluptas modi deleniti! Voluptatem tempora saepe. Non temporibus beatae. Omnis voluptatem.', '447816de-6069-15bf-de3d-c9e9e9038fe2', '148ed882-32b8-218e-9c20-39c2f00615e8', '1970-01-01 00:01:29', '', '1989-03-26 19:46:17', 'Phí Bảo Nhiên'),
('70aead00-2db5-77f7-2277-d9ebc53aac3d', 'M-22487', '', '', 'UYJ0C', '', 0, 30, '2019-02-15', 'Tempora assumenda error et unde quis. Quo ea sed. Voluptas esse aliquam. Est culpa veritatis. Unde dolores voluptatem! Aperiam nisi ipsum.', '48b51439-3625-6c0c-7532-03c92da59c43', '36104b10-705b-57a8-83c0-08fd2f807219', '2013-09-26 07:14:28', 'Giang Minh Vĩ', NULL, NULL),
('70b4a90e-486b-2120-d6d2-89b22d10517e', 'M-38091', '', 'Hàng đặt sẵn', '3Q4VQ4IAVN20G435754I04OZ5C7O56I0Y0IG8N347GN1262A4U614U7543175718IX42G5DM236OKBM884QSX368W8RL379XI34MB3M1B4GEJ9I77N1719K7L070M8PKFC0POEI6WYILD4ME', '', 1, 293, '1998-04-28', 'Doloribus et quia sint eaque. Ratione eos voluptas optio. Omnis architecto consequuntur voluptatibus fugiat? A explicabo corrupti. Et libero rerum mollitia!', '1944b789-48b3-5241-f588-479bce9b28fc', '25c6c36e-1668-7d10-6e09-bf1378b8dc91', '2012-11-29 08:58:37', 'Đàm Thị Vy', '1974-03-25 02:33:14', 'Nguyễn Trọng Khôi'),
('70ba64fc-21d0-6609-9d41-c1ec321fe728', 'M-98907', '', '', 'BJ0WHF33I5F67ZX3UX9QN51B39K418RP3M85TJQS85ZO1QNRU7TBSVO3SK9R06F950B68MAAMU28Q28Z', '', 0, 834, '1970-01-07', 'Inventore eum dolorem qui corrupti cupiditate exercitationem...', '74b4ef62-677e-21c3-88db-f21ac591aca5', '1b691e79-236d-5b5a-9d20-39c2f00615e8', '1970-01-01 00:00:07', 'Ninh Tường Phước', NULL, NULL),
('7146e3a8-4131-3d3c-a241-c1ec321fe728', 'M-37212', '', '', 'PUYL760AY7677', '', 1, 853, '2001-01-08', 'Voluptatem quia suscipit. Magni vero pariatur; exercitationem neque inventore. Corrupti voluptatibus ratione. Voluptas doloribus at. Id a eaque. A doloremque.', '153105e0-6702-29ed-7632-03c92da59c43', '36104b10-705b-57a8-83c0-08fd2f807219', '1999-06-04 02:21:00', 'Đàm Văn Trung', NULL, NULL),
('7151adee-7718-2658-6635-0028ed526dd0', 'M-44513', 'Thạch rau câu', NULL, '1VN6MQIL30T9MFC66LTYS8RYMBW2', '', 1, 920, '2003-03-20', 'Voluptas quidem alias ducimus praesentium recusandae nesciunt. Voluptatem provident ad. Sed impedit esse. Veniam doloribus dolor! Sint quia facilis. Placeat.', '447816de-6069-15bf-de3d-c9e9e9038fe2', '25c6c36e-1668-7d10-6e09-bf1378b8dc91', '1992-06-22 14:18:59', 'Đào Đình Phước', '1970-01-01 00:00:05', 'Đàm Văn Hùng'),
('716136e5-4b50-2737-d1d2-89b22d10517e', 'M-12835', '', '', 'M4ZT822E4226AAG85JM8V4PL1ZH843CG3V035C5ANC7X0TNL1Q', '', 1, 708, '1986-09-29', 'Beatae voluptatem facere et vel nobis odit. Dolor quod dolorum. Dolorem est quae! Placeat delectus illo. Omnis voluptatem aut. Voluptatem laboriosam!', '19029793-2caa-7372-e03d-c9e9e9038fe2', '37dd9bb0-4c53-4134-31de-23e177779933', '1970-01-01 01:41:56', '', '2018-10-30 00:01:47', 'Triệu Thị Vy'),
('721b7460-7378-2203-0435-60b3ebf808a9', 'M-60184', '', NULL, '24O0VR3XOU70TI51IWU22JZ0JW126B60J87501B739HFX7Y6YI04V9T767I806H15IYVQDG04XDIWWK94S98P4X02', '', 1, 316, '1986-01-20', 'Dicta dolores iste; nostrum quibusdam molestiae. Voluptatem voluptatibus veritatis; perspiciatis eos sunt. Dolorem mollitia laudantium. Cupiditate illo culpa.', '3541ff76-58f0-6d1a-e836-63d5d5eff719', '3700cc49-55b5-69ea-4929-a2925c0f334d', '2015-03-21 12:57:32', 'Hồ Thị Dung', NULL, NULL),
('72b3a7fb-5af1-655b-5fc2-579daad24557', 'M-24595', 'Fanta', 'Hàng nhà máy', NULL, NULL, NULL, 600, '1993-12-18', NULL, '71952621-23c8-61d2-d0eb-e423f1575e00', '1b691e79-236d-5b5a-9d20-39c2f00615e8', '1996-09-20 04:19:05', NULL, '1990-07-27 04:04:15', ''),
('72fe5819-3c8c-3651-cad2-89b22d10517e', 'M-03739', 'Bia Hà Nội', 'Hàng xuất khẩu', 'TJ', '', 1, 281, '2007-06-02', 'Qui sit est. Voluptate aut maxime? Adipisci enim et; illo aut nihil. Quis voluptatem sed. Sed quo aut. Sit quo ratione! Ratione deleniti sunt. Nobis.', '67f532a4-1158-2919-d1eb-e423f1575e00', '36104b10-705b-57a8-83c0-08fd2f807219', '1978-10-21 08:05:04', 'Ninh Hùng Tài', '1979-11-05 11:40:08', 'Nguyễn Thị Kệ'),
('73dc79e1-1ccb-35a6-0235-60b3ebf808a9', 'M-89938', '', '', 'WF0BI0326G650D3', '', NULL, 75, '1981-08-20', NULL, '2102924a-510c-7251-a026-71cca92946bf', '354f1b13-17bf-1b52-87d5-ba100c6f7bce', '1975-02-02 00:21:09', NULL, '1970-01-01 02:05:18', 'Hà Thái Huy'),
('74a9a645-419f-545f-7180-7ed9d1ea06ea', 'M-59733', 'Sữa', '', '4B3JM7D1', '', 1, 13, '2005-08-03', 'Sed ea est nemo officiis pariatur laudantium.', '48b51439-3625-6c0c-7532-03c92da59c43', '148ed882-32b8-218e-9c20-39c2f00615e8', '1994-05-07 08:47:44', 'Lương Ngọc Châu', '1994-11-21 03:03:17', 'Giang Đình Thanh'),
('757dd903-7b3b-790f-6935-0028ed526dd0', 'M-21106', 'Bia Trúc Bạch', 'Hàng nhập khẩu', '8LA7996UXNO1VQ1FOQR36CKDZKQBD9LF', '', 0, 513, '1994-11-12', 'Corrupti voluptatem a nihil eaque adipisci. Eveniet vero eum voluptatem doloribus sunt! Quos corrupti illum veniam. Est ullam nulla tenetur voluptatem!', '2102924a-510c-7251-a026-71cca92946bf', '6b47b37f-3123-3ce7-14cf-9712082ff6cb', '1985-01-05 17:13:32', 'Tô Giang Ngọc', '1970-01-01 00:01:18', 'Lê Duy Khoa'),
('75ec2fe2-5965-48e6-9141-c1ec321fe728', 'M-18679', '', 'Đóng gói', '277X156ABN71D97Y10TY6RL', '', 1, 695, '2004-06-10', 'Ut quisquam ut totam. Nobis voluptatem amet. Sit dolores soluta libero. Distinctio quia voluptatem repellat repellendus quaerat omnis.', '153105e0-6702-29ed-7632-03c92da59c43', '3700cc49-55b5-69ea-4929-a2925c0f334d', '2011-02-01 14:49:51', 'Vũ Minh Trung', NULL, NULL),
('762cf9e5-356b-56d7-5f80-7ed9d1ea06ea', 'M-73091', 'Hạt bí', '', '0013980C', '', 0, 1, '1986-11-02', 'Natus omnis nostrum eaque nihil. Accusantium nobis ea voluptate quae commodi repellendus. Ipsam consequuntur dolorum animi dignissimos natus ut.', '3541ff76-58f0-6d1a-e836-63d5d5eff719', '354f1b13-17bf-1b52-87d5-ba100c6f7bce', '1970-01-01 01:42:30', 'Tô Thị Vy', '2012-07-07 05:59:15', 'Lương Trọng Thanh'),
('763b23fb-3d10-6e05-eb1d-086412a8ea97', 'M-43636', '', '', 'LO29I260LWEK1858OG8V48Y2G9X2964N089576WE9Z78OMC', NULL, 1, 621, '1988-08-21', 'Alias sit debitis. Et ipsam facere. Consequuntur quidem officiis. Voluptatibus vel corporis. Saepe quasi et; eligendi eaque reiciendis. Ducimus iste.', '174ffc6c-4080-4bc3-a126-71cca92946bf', '37dd9bb0-4c53-4134-31de-23e177779933', '1970-01-01 01:53:28', 'Cao Thị Tiên', '1973-09-09 22:47:22', 'Trần Tường Dũng'),
('7649b7c1-509e-4f94-6580-7ed9d1ea06ea', 'M-01115', '', 'Hàng xuất khẩu', 'V4949UAD76858W3K5BVPX9R7316E0WG393GJ48Z64T5KC54F8NF46CWV2D09ZB6EIE9W04PQ21TU1NK17CK5R5H205Y0V', '', 1, 353, '1987-07-19', 'Quia eius unde nihil et impedit nisi.', '1944b789-48b3-5241-f588-479bce9b28fc', '6b47b37f-3123-3ce7-14cf-9712082ff6cb', '1974-11-30 19:35:58', 'Trần Ngọc Nhiên', '2017-04-17 22:38:04', 'Hồ Minh Tài'),
('765c598b-168d-47aa-cdd2-89b22d10517e', 'M-61486', '', NULL, '2FST302B11Z5K8IBE051646627B7O6ZYTX7TB5X85PRC0Z3YT536CY', '', 0, 491, '1991-12-29', 'Id aut natus recusandae earum ipsam rerum. Vero quaerat nihil; quam culpa minus neque ut omnis beatae.', '79aca385-65e3-1ebe-f488-479bce9b28fc', '148ed882-32b8-218e-9c20-39c2f00615e8', '1988-04-07 02:20:08', 'Đàm Thái Văn', NULL, NULL),
('76ac35c9-1a60-376f-e71d-086412a8ea97', 'M-34938', 'Bia Sài Gòn', '', 'D505LKBW9PH5Q117GP067WP4F2JEF86RV3712O9S9SV2ZDD085E4CH1KB44VC8TPGC', '', 0, 26, '1985-02-01', 'Natus et modi quo non vel quaerat.', '19029793-2caa-7372-e03d-c9e9e9038fe2', '1b691e79-236d-5b5a-9d20-39c2f00615e8', '1977-11-27 18:37:01', 'Nguyễn Văn Đăng', NULL, NULL),
('76b3b772-27f3-37bf-75f6-423b4e874d0f', 'M-57380', 'Dầu ăn', '', '44P0O8L22L45J60MHN0IT0', '', 1, 635, '2017-06-05', 'Autem ex rem perspiciatis sit cum. Unde facilis ea! Odit beatae iste? Quidem molestiae unde; qui nesciunt pariatur. Harum qui sed.', '1cab3f5f-2daa-759f-e936-63d5d5eff719', '37dd9bb0-4c53-4134-31de-23e177779933', '1977-03-02 06:57:17', 'Liễu Thị Ngân', '1970-01-01 00:00:09', 'Thái Giang Diệp'),
('76cc3313-3932-7e97-4635-0028ed526dd0', 'M-98478', 'Hạt bí', 'Đóng gói', '5AZ69MP86X3', '', NULL, 742, '1983-05-26', NULL, '423d5b84-2191-6cce-df3d-c9e9e9038fe2', '25c6c36e-1668-7d10-6e09-bf1378b8dc91', '1998-07-25 03:25:11', NULL, '1970-01-01 00:00:51', 'Tô Gia Tiên'),
('7734587d-1eee-329f-f21d-086412a8ea97', 'M-67382', 'Sữa', '', '80JW506F7731XU03N0W3MI9309K573O90H29AWC6I20HL5SVIEBL87Y7V20B50QZ', NULL, 0, 922, '1979-09-10', 'Qui sit consectetur quia excepturi. Unde omnis quia tenetur nam culpa? Tenetur sapiente necessitatibus. Sit repellendus voluptatem. Et necessitatibus qui!', '1944b789-48b3-5241-f588-479bce9b28fc', '36104b10-705b-57a8-83c0-08fd2f807219', '1999-03-10 13:02:32', 'Hồ Duy Tài', '1984-12-10 03:58:11', 'Ngô Thảo Thục'),
('778c67bd-6967-345e-2e77-d9ebc53aac3d', 'M-46589', '', 'Hàng đặt sẵn', '2M52', '', 0, 3, '1975-05-05', 'Unde sit harum maxime illo consequuntur dolores. Explicabo cupiditate dolorum et. Velit vitae eius qui. Unde soluta voluptatem corporis dolor architecto.', '423d5b84-2191-6cce-df3d-c9e9e9038fe2', '1b691e79-236d-5b5a-9d20-39c2f00615e8', '1978-05-09 09:53:58', 'Nguyễn Hiếu Thắng', NULL, NULL),
('77a68c44-5111-2d8c-7d80-7ed9d1ea06ea', 'M-44545', 'Trà đào', 'Hàng tự chế', 'UMHV73U3LZK7L96J01J8F8ZJY310T', '', 0, 915, '2001-04-11', 'Dicta harum libero. Perspiciatis sit et. Aut assumenda nam; ex nam aut. Quia sit aperiam. Harum exercitationem obcaecati. Rerum sint eum. Debitis assumenda;', '174ffc6c-4080-4bc3-a126-71cca92946bf', '36104b10-705b-57a8-83c0-08fd2f807219', '1985-08-26 11:26:56', 'Tô Thị Vy', '2020-06-15 21:59:32', 'Cao Minh Huy'),
('77cb6cf2-4da8-2067-5b35-0028ed526dd0', 'M-92352', '', 'Hàng nhà máy', 'W036X7GW6912YRG74Q4', '', 1, 7, '1980-05-13', 'Fuga vero explicabo et debitis. Praesentium facilis ea itaque rerum quis eos. Obcaecati optio sint. Impedit at ex? Debitis iure est! Laboriosam non officia.', '2102924a-510c-7251-a026-71cca92946bf', '3b86d2ed-446c-5fce-56be-406293204378', '2003-01-30 15:24:36', 'Nguyễn Thị An', '1970-01-01 00:16:31', 'Vũ Văn Khoa'),
('77d03350-6ba4-226c-77f6-423b4e874d0f', 'M-57921', '', 'Hàng nhập khẩu', 'FPHC6S71RW2U80JP3H11709401', '', 0, 671, '1972-05-09', 'Aliquam molestiae reiciendis soluta sit nisi distinctio. Assumenda vel quo ex neque ut fuga.', '1944b789-48b3-5241-f588-479bce9b28fc', '148ed882-32b8-218e-9c20-39c2f00615e8', '1970-01-01 00:14:20', 'Trần Thảo Chi', '1970-01-01 00:00:05', 'Cao Gia Tú'),
('78b1d514-338c-3cdc-8641-c1ec321fe728', 'M-57081', 'Kem Socola', '', '90A22YR74A8PGM7Y', '', 0, 819, '1970-01-08', 'Id consequatur et. Pariatur totam quo ipsa aut perspiciatis ut; ut quia nisi? Excepturi mollitia alias est et. Sit libero aut.', '423d5b84-2191-6cce-df3d-c9e9e9038fe2', '354f1b13-17bf-1b52-87d5-ba100c6f7bce', '1970-01-01 00:00:08', 'Vũ Yến Nhung', '1972-02-01 00:05:33', 'Triệu Gia Tài'),
('7900cb82-60ea-2f13-4680-de64d090a2c2', 'M-53042', 'Sữa', 'Hàng xuất khẩu', NULL, NULL, NULL, 146, '1983-12-08', NULL, '73612d31-3ee3-7447-8e7d-817a123d365d', '3700cc49-55b5-69ea-4929-a2925c0f334d', '1996-01-27 12:46:16', NULL, '1974-08-01 10:24:19', 'Lương Hiếu Vĩ'),
('793b3cb4-31a2-693e-d2d2-89b22d10517e', 'M-07185', '', 'Hàng nhập khẩu', 'HAZ48KJ6X9F3693MXFWIH9M689U1BRASG629U6I9XR85231Y4DH16', NULL, 1, 93, '1992-09-28', 'Vel accusantium dignissimos. Reprehenderit cum tempora. Atque beatae iure. Voluptatem enim et! Quia est et. Repudiandae voluptas expedita! Corporis autem.', '74b4ef62-677e-21c3-88db-f21ac591aca5', '36104b10-705b-57a8-83c0-08fd2f807219', '1970-01-01 02:18:27', 'Đồng Duy Hoàng', '1999-07-02 04:48:31', 'Đoàn Thị Thục'),
('7976650d-4e86-2615-8c41-c1ec321fe728', 'M-84367', '', '', '0', '', 0, 1, '2012-07-21', 'Ut cum error. Omnis optio et. Nihil aut ut. Error quis fugit? Quo molestiae ea; facilis corrupti et; in rem eligendi? Dolorem dolor accusantium!', '73612d31-3ee3-7447-8e7d-817a123d365d', '37dd9bb0-4c53-4134-31de-23e177779933', '1977-04-24 03:22:27', 'Vũ Văn Tài', '1981-02-12 11:27:00', 'Tô Yến Diệp'),
('79806d6f-4830-6311-2577-d9ebc53aac3d', 'M-66762', '', 'Đóng gói', 'ENN0CBAO', '', 0, 598, '1972-05-03', 'Qui sed et. Omnis molestiae qui; vero dignissimos temporibus. Iste et asperiores. Laudantium expedita qui. Dolore qui voluptatem! Ratione ad ducimus? Est ut.', '2102924a-510c-7251-a026-71cca92946bf', '354f1b13-17bf-1b52-87d5-ba100c6f7bce', '1970-01-01 00:14:14', 'Đào Văn Thắng', '1982-10-04 18:40:32', 'Cao Ngọc Nhung'),
('79b32897-3f8e-5ff4-5cc2-579daad24557', 'M-80826', '', 'Hàng nhập khẩu', 'Z526Z5U9024P0GD2E8WN1X336R5S2GDBGFS2FN2JLR34436', '', 0, 585, '1979-05-17', 'Totam est iste labore sed. Nostrum modi aut expedita sed unde nesciunt; consequatur autem deserunt. Et corrupti sed. Quasi ratione eaque; enim deserunt.', '67f532a4-1158-2919-d1eb-e423f1575e00', '25c6c36e-1668-7d10-6e09-bf1378b8dc91', '1970-01-01 00:57:04', 'Đoàn Thị An', '1978-09-04 00:19:57', 'Giang Trần Quang'),
('79dadd0d-69fa-5e30-35c2-579daad24557', 'M-16594', 'Hồng trà', NULL, 'Q11L383JDLNY3H5K0', '', 1, 888, '1978-02-19', 'Error sunt ad. Sed tenetur nesciunt modi minus consequatur ut. Tenetur non sequi repellat et illo molestiae.', '174ffc6c-4080-4bc3-a126-71cca92946bf', '3700cc49-55b5-69ea-4929-a2925c0f334d', '1980-10-04 02:00:41', 'Phí Ngọc Hùng', NULL, NULL),
('7a1114ad-76c4-3734-1f77-d9ebc53aac3d', 'M-65509', 'Pepsi', 'Hàng đặt sẵn', 'G75', '', 0, 622, '2004-05-22', 'Voluptas molestiae est. Unde et ut. Enim maiores omnis. Odit omnis dolores. Voluptatem ducimus voluptatibus. Accusantium quis ad. Quod sit quis. Et qui enim.', '174ffc6c-4080-4bc3-a126-71cca92946bf', '148ed882-32b8-218e-9c20-39c2f00615e8', '1973-03-28 16:54:26', 'Đàm Văn Phước', NULL, NULL),
('7a125aae-1c50-3a73-85f6-423b4e874d0f', 'M-18792', '', NULL, '6EV240Z408TQ47O79570Q24V40745G641067MULT2X7L0QYXS7MYI30GIO13962NR82HWAK4XM', '', 1, 646, '2006-06-01', 'Vitae ea laudantium. Aut voluptatem ullam. Amet officia omnis. Rem ut voluptas? Quisquam aliquam explicabo! Velit et vitae? Sapiente id voluptatem. Error.', '1944b789-48b3-5241-f588-479bce9b28fc', '1b691e79-236d-5b5a-9d20-39c2f00615e8', '1989-08-09 21:12:04', 'Cao Thị Nhiên', NULL, NULL),
('7a301ea4-331e-73f6-1a77-d9ebc53aac3d', 'M-15921', '', 'Hàng đặt sẵn', 'HH6YMU', '', 0, 890, '2011-12-26', 'Consequatur doloribus quis culpa quisquam sed. Fugiat officiis natus dolorem. Nihil illum autem quibusdam reprehenderit cupiditate voluptatem.', '447816de-6069-15bf-de3d-c9e9e9038fe2', '15d0d796-1465-4665-fc83-196123975cb2', '1979-08-25 11:29:24', 'Liễu Bảo Thảo', '2007-06-02 03:37:29', ''),
('7a3fbd10-76db-716b-48c2-579daad24557', 'M-67095', 'Lạc', 'Hàng nhà máy', '02TCS967WPQIJWZ7GEQ3Q9A9X5F739G3B35577FT8P5XTO', '', 1, 86, '1972-09-03', 'Unde quasi error omnis ut omnis. Animi fugiat in nobis unde. Nulla explicabo sunt; necessitatibus ex dolor.', '1944b789-48b3-5241-f588-479bce9b28fc', '1b691e79-236d-5b5a-9d20-39c2f00615e8', '1970-01-01 00:16:17', 'Hồ Văn Thanh', '2009-09-13 03:09:27', 'Đào Gia Hân'),
('7a60ae7d-1270-7f48-2435-60b3ebf808a9', 'M-37843', 'Trà chanh', '', '5G8414QDIW', '', 1, 498, '2013-11-29', 'Reiciendis atque quis. Eius sunt repellat. Veritatis laboriosam sapiente. Atque assumenda cum. Sit nulla iure. Voluptatibus vitae enim. Autem debitis.', '71952621-23c8-61d2-d0eb-e423f1575e00', '6b47b37f-3123-3ce7-14cf-9712082ff6cb', '2005-06-08 22:42:06', 'Lương Ngọc Khánh', '2009-10-06 12:00:38', 'Nguyễn Minh Thanh'),
('7a9c0a69-479a-4ee6-ef1d-086412a8ea97', 'M-27119', 'Bia Sài Gòn', 'Hàng xuất khẩu', '17I8GYS6YD339KVMNP576H9DM7948M362TPLZM249CH2EKOGVY9IQWYY499B9V94W2I6T0271N8225O3QHI7S735GB73475540LLX9F55K6T89CDOA', '', 0, 951, '1981-02-03', 'Sed ratione sunt. Et nam quas repellat pariatur! Eos culpa non est. Ut dolorem sed animi qui officia porro!', '48b51439-3625-6c0c-7532-03c92da59c43', '354f1b13-17bf-1b52-87d5-ba100c6f7bce', '2008-07-06 06:26:35', 'Liễu Văn Kiên', NULL, NULL),
('7ad34860-1ac8-7ad7-d01d-086412a8ea97', 'M-69628', '', 'Hàng xuất khẩu', '83264MQ3', '', 0, 73, '1970-01-12', 'Dicta perspiciatis iste consequuntur dicta illo in.', '174ffc6c-4080-4bc3-a126-71cca92946bf', '3b86d2ed-446c-5fce-56be-406293204378', '1970-01-01 00:00:12', 'Đồng Minh Minh', '1980-10-04 10:55:30', 'Ninh Thị Tú'),
('7b666cc3-1b67-6037-67f6-423b4e874d0f', 'P-60811', 'Pepsi', '', '95X4YY0L267H7FTZB68T893828YJSCJ2HA857NE0795X4YY0L267H7FTFEEEFFFFFFFFFJSCJ2HA857NE0795X4YY0L267H7FTFEEEFFFFFFFFF', '', 1, 859, '2022-05-28', 'Officia omnis similique. Culpa eaque suscipit! Doloremque vel perferendis. Adipisci dolores laboriosam. Repellat assumenda et. Dolorem qui et. Architecto.', '71952621-23c8-61d2-d0eb-e423f1575e00', '3700cc49-55b5-69ea-4929-a2925c0f334d', '2022-01-17 00:00:00', 'Đàm Thị Hân', '2022-05-23 20:38:43', NULL),
('7bc9331d-7764-5dd7-80f6-423b4e874d0f', 'M-19529', '', NULL, '08QT0', '', 0, 772, '1973-04-11', 'Assumenda voluptatem error. Quidem voluptas a; possimus nam officiis. Nemo aut ipsa. Adipisci ducimus est. Necessitatibus quae repellendus! Soluta sit eum.', '2102924a-510c-7251-a026-71cca92946bf', '6b47b37f-3123-3ce7-14cf-9712082ff6cb', '2012-07-16 06:49:33', '', NULL, NULL),
('7bd9cf39-3f55-3a7b-0035-60b3ebf808a9', 'M-60915', '', '', 'GRPI32O53IPM4L53F0', '', 1, 467, '1970-01-07', 'Ut eos qui quia fuga quas est; ex sit illum iste debitis ullam modi.', '73612d31-3ee3-7447-8e7d-817a123d365d', '36104b10-705b-57a8-83c0-08fd2f807219', '1970-01-01 00:00:07', 'Nguyễn Văn Phước', '1979-05-01 19:28:58', 'Vũ Thị Ngọc'),
('7c1ae6ac-6c72-7436-2dc2-579daad24557', 'M-11676', '', NULL, 'R0GG04H', '', 1, 696, '1993-03-07', 'Magni fuga necessitatibus facilis omnis voluptas aperiam. Dicta eum doloremque hic aspernatur. Nostrum nihil aperiam autem; architecto rerum temporibus.', '447816de-6069-15bf-de3d-c9e9e9038fe2', '37dd9bb0-4c53-4134-31de-23e177779933', '2012-01-18 17:04:39', 'Cao Giang Dung', NULL, NULL),
('7c59ba0b-4768-4115-3477-d9ebc53aac3d', 'M-08372', '', 'Hàng nhập khẩu', 'N18P46OJE3', '', 1, 80, '1988-02-21', 'Accusantium officiis molestiae. Voluptatum temporibus et. Est eius pariatur! Qui ut error. Nihil non commodi. Accusantium voluptates temporibus. Molestiae!', '74b4ef62-677e-21c3-88db-f21ac591aca5', '36104b10-705b-57a8-83c0-08fd2f807219', '1970-01-01 01:50:26', 'Lê Văn Kiên', '1970-10-23 04:12:20', 'Nguyễn Bảo Dung'),
('7c6c70d9-2ed5-49d8-81f6-423b4e874d0f', 'M-00065', '', '', '7EKO776Z7KCJI6K6VC86KOKV2K8O1F2R08U3', '', 0, 75, '1970-01-03', 'Voluptatibus voluptatem velit saepe et. Natus sunt veritatis. Sed ipsam aut molestiae omnis dolore. Qui expedita eum similique.', '2102924a-510c-7251-a026-71cca92946bf', '148ed882-32b8-218e-9c20-39c2f00615e8', '1970-01-01 00:00:03', '', NULL, NULL),
('7c86746a-4284-356e-e11d-086412a8ea97', 'M-92811', '', 'Hàng xuất khẩu', 'VJFL1LO24JU0XCZOC8368K', '', 0, 104, '1982-11-13', 'Qui sit voluptas iste sunt. Itaque sed natus in soluta quia non. Dolorem omnis perferendis rerum recusandae omnis et...', '73612d31-3ee3-7447-8e7d-817a123d365d', '36104b10-705b-57a8-83c0-08fd2f807219', '1970-01-01 01:18:20', 'Đào Tường Văn', NULL, NULL),
('7d7c8cbb-3c1b-7e12-6680-7ed9d1ea06ea', 'M-97554', '', 'Hàng tự chế', '39MX65LYQEUVIHI8YTK15OFN74909269648XSYDGH43V29NY7MKFO', '', 0, 74, '1988-02-15', 'Non dolores natus sequi incidunt consequatur velit.', '423d5b84-2191-6cce-df3d-c9e9e9038fe2', '1b691e79-236d-5b5a-9d20-39c2f00615e8', '2004-05-01 12:25:15', 'Nguyễn Văn Huy', '1970-01-01 00:11:41', 'Vũ Thái Đăng'),
('7d7eeed2-2d5b-7355-9c41-c1ec321fe728', 'M-05108', '', 'Hàng nhà máy', 'J00UN4VIBT79Q772', '', 0, 145, '1995-07-29', 'Dolor sit dicta. Suscipit reiciendis eaque quos minus. Debitis aut cum consequatur! Facilis quia officia. Aspernatur quia corrupti? Sapiente est enim.', '39446ba3-3071-7af6-a5a9-deaf32c96293', '3700cc49-55b5-69ea-4929-a2925c0f334d', '1970-12-09 13:01:16', 'Liễu Thị Thúy', '1970-01-01 00:00:09', 'Hồ Thị Thục'),
('7d817578-2d6f-7bd4-9841-c1ec321fe728', 'M-62888', 'Pepsi', '', 'XEH4GJBV', '', 1, 665, '1976-03-09', 'Unde dolores quam vitae deserunt dicta rem. Laborum ut voluptas ut consequuntur consequatur id.', '1944b789-48b3-5241-f588-479bce9b28fc', '37dd9bb0-4c53-4134-31de-23e177779933', '1982-05-26 07:37:18', '', '2011-10-03 01:55:37', 'Nguyễn Thị An'),
('7d879258-5ccb-11d6-e31d-086412a8ea97', 'M-85822', '', 'Hàng tự chế', 'J173FXWP65E5752A5541H3SW06', '', 1, 200, '1971-05-15', 'Fugiat earum voluptate. In quia quaerat! Sit qui aut. Ad ea sit. Placeat corporis sunt! Iste ut quam. Qui facere autem.', '71952621-23c8-61d2-d0eb-e423f1575e00', '1b691e79-236d-5b5a-9d20-39c2f00615e8', '1994-07-09 02:07:42', 'Nguyễn Yến Chi', NULL, NULL),
('7d93bad9-3e19-7622-92f6-423b4e874d0f', 'M-44693', '', 'Hàng tự chế', '85MA8Q3S3K75001X571YY0NI35A7883438TCD6U508F8BW25M9DJZYA5XX4IVJQ667T75J', '', 0, 399, '2007-01-21', 'Ut voluptatem consequatur. Placeat voluptas maxime. Quo nemo quas. Quibusdam et id. Dolor ut dolore! Omnis dolorem quaerat. Quis facilis ut. Sit qui ipsum.', '153105e0-6702-29ed-7632-03c92da59c43', '37dd9bb0-4c53-4134-31de-23e177779933', '1974-06-16 00:41:11', 'Giang Văn Trung', '2008-05-29 19:06:47', 'Liễu Minh Đạt'),
('7dc15ff7-7a2b-68a9-9941-c1ec321fe728', 'M-98067', '', 'Hàng đặt sẵn', 'QR78097ZBAR8', '', 1, 691, '1972-01-28', 'Itaque dicta eius totam ut beatae id...', '39446ba3-3071-7af6-a5a9-deaf32c96293', '37dd9bb0-4c53-4134-31de-23e177779933', '1970-01-01 00:12:38', 'Tô Thị Ngọc', '2006-02-27 06:32:15', 'Lê Trọng Văn'),
('7e5515d8-20e7-769c-3d80-de64d090a2c2', 'M-27458', 'Lạc', '', '633324S8T781230MEFCUUZDMYTK227K', '', 0, 55, '1998-06-01', 'Itaque ea et. Quo perspiciatis sit totam aut molestiae! Porro et qui voluptates asperiores. Sapiente et quibusdam tempore commodi reprehenderit?', '1cab3f5f-2daa-759f-e936-63d5d5eff719', '36104b10-705b-57a8-83c0-08fd2f807219', '1978-06-10 16:30:27', 'Liễu Minh Khôi', '2002-03-16 08:08:39', 'Lê Thị Khánh'),
('7e61a689-2cd8-340e-2677-d9ebc53aac3d', 'M-44605', 'Trà chanh', '', '2G0', '', 0, 723, '1979-08-16', 'Iste sed ipsa. Sit nemo quis? Sunt omnis aut. Vitae fuga voluptatem. Quos et voluptas. Consectetur saepe quos. Corporis totam dolor.', '423d5b84-2191-6cce-df3d-c9e9e9038fe2', '36104b10-705b-57a8-83c0-08fd2f807219', '1976-11-07 01:12:37', 'Ngô Thị Hân', '2013-08-17 07:13:20', 'Hà Văn Hùng'),
('7eebdc34-6c41-1ab4-5735-0028ed526dd0', 'M-74737', '', 'Đóng gói', NULL, NULL, 1, 141, '2010-03-16', 'Sapiente sed voluptatem. Et neque consequatur. Aut sequi voluptatem! Vel consequatur aut. Sequi deserunt error. Sit aut pariatur. Qui suscipit dolor;', '71952621-23c8-61d2-d0eb-e423f1575e00', '148ed882-32b8-218e-9c20-39c2f00615e8', '1996-03-11 21:38:45', 'Tô Văn Minh', NULL, NULL),
('7eff3d36-4c83-5395-5e35-0028ed526dd0', 'M-65128', 'Dầu ăn', 'Hàng tự chế', '5AU', '', NULL, 137, '2004-03-30', NULL, '74b4ef62-677e-21c3-88db-f21ac591aca5', '148ed882-32b8-218e-9c20-39c2f00615e8', '2000-05-25 16:29:56', NULL, '1970-01-01 00:16:30', 'Giang Đình Cường'),
('7f109f98-47bf-469a-b6fb-ccfe46f8c4ea', 'A-60814', 'Aquafina', NULL, 'Hàng nhập tại nhà máy ', NULL, NULL, 100, '2022-05-29', NULL, '153105e0-6702-29ed-7632-03c92da59c43', '1b691e79-236d-5b5a-9d20-39c2f00615e8', '2022-05-24 00:00:00', NULL, '2022-05-27 10:14:38', NULL),
('7f1b6c7c-2b74-3ebb-31c2-579daad24557', 'M-50782', '', 'Đóng gói', '1513DAL72', '', 0, 694, '1978-04-25', 'Quibusdam ipsa non. Animi omnis sed! Natus fuga repellendus. Necessitatibus nihil aut. Ipsum amet harum. In deleniti quaerat. Ratione unde aperiam; dolor.', '447816de-6069-15bf-de3d-c9e9e9038fe2', '37dd9bb0-4c53-4134-31de-23e177779933', '1970-01-01 00:50:37', 'Nguyễn Minh Quang', '1980-03-01 07:20:28', 'Đào Văn Đăng'),
('7ffc8175-788c-17ff-f81d-086412a8ea97', 'M-30031', 'Hạt hHướng dương', 'Hàng xuất khẩu', NULL, NULL, 0, 34, '1970-04-06', 'Maiores magni temporibus. Facere natus aut; et consequuntur fugiat. In sit esse! Dolorem voluptatem alias; ut ex voluptate. Nostrum maiores eius. Dignissimos!', '79aca385-65e3-1ebe-f488-479bce9b28fc', '36104b10-705b-57a8-83c0-08fd2f807219', '1970-01-01 00:01:36', 'Thái Ngọc Quang', '1990-01-25 19:44:00', 'Đào Thị Châu'),
('86529a30-bd79-424e-8f3f-084eb3b7f48d', 'BT-60812', 'Bia Tươi', NULL, 'Bia tươi nhập khẩu nguyên lon tại Hà Lan', NULL, NULL, 100, NULL, NULL, '71952621-23c8-61d2-d0eb-e423f1575e00', '354f1b13-17bf-1b52-87d5-ba100c6f7bce', '2022-05-24 00:00:00', NULL, '2022-05-27 10:18:43', NULL),
('ddccf08c-a349-449b-8aa6-053e16d16fa1', 'P-60816', 'Pepsi', NULL, NULL, NULL, NULL, 100, '2022-05-28', NULL, '174ffc6c-4080-4bc3-a126-71cca92946bf', '15d0d796-1465-4665-fc83-196123975cb2', '2022-05-24 00:00:00', NULL, '2022-05-24 15:21:28', NULL);

-- 
-- Dumping data for table convertion
--
INSERT INTO convertion VALUES
('11452b0c-768e-5ff7-0d63-eeb1d8ed8cef', 'M-36876', 'Quả', 71, 1, '', '249a9a28-17fd-6149-ee1d-086412a8ea97', '2014-01-30 03:18:37', 'Thái Thị Thư', NULL, NULL),
('1152da18-24d8-65b6-0380-e8e2a817c80e', 'M-81002', 'Gram', 95, 3, '', '6dcdb6b6-273a-6aaa-8541-c1ec321fe728', '1970-01-01 02:45:15', 'Đồng Thị An', '1984-08-22 03:02:59', 'Hà Thị An'),
('119af01c-406e-1565-a77d-e8c757976496', 'M-51359', '', 41, 3, '', '6e3f7a8c-2f78-16a9-36c2-579daad24557', '2008-06-17 21:05:25', 'Tô Văn Hoàng', '2002-10-05 22:13:17', 'Lê Thị An'),
('11f7089b-33e6-371a-f817-7000f455f3d5', 'M-51627', 'Lon', 24, 2, '', '464cab51-7f72-16a0-51c2-579daad24557', '1979-01-18 14:10:59', 'Tô Hiếu Đạt', '2022-05-23 20:10:30', 'Lê Duy Vĩ'),
('124b4a06-7d39-6835-0980-e8e2a817c80e', 'M-64575', 'Kilogram', 77, 4, '', '233ecbc6-1cc1-3923-6c35-0028ed526dd0', '2011-06-25 05:22:57', 'Liễu Thị Vy', NULL, NULL),
('135e72be-6cdf-5311-a47d-e8c757976496', 'M-31874', '', 3, 0, '', '564127b8-58f3-46f3-7df6-423b4e874d0f', '1970-01-01 00:01:35', 'Đồng Thị Hân', '2022-05-13 00:02:28', 'Trần Thị Hân'),
('13fc3540-52b5-3489-1163-eeb1d8ed8cef', 'M-25430', '', 52, 3, '', '184de98f-2046-1e3f-3377-d9ebc53aac3d', '2002-03-05 11:17:36', 'Đoàn Giang Hân', '1970-01-01 00:00:08', 'Tô Văn Thanh'),
('141eea25-7b62-62de-8832-6a1673ffca7c', NULL, NULL, 38, 4, NULL, '285d6b44-3b0c-4697-e01d-086412a8ea97', '1993-04-22 04:08:37', NULL, '1983-03-07 06:51:53', 'Hà Thị Tú'),
('142cb08f-7c31-21fa-8e90-67245e8b283e', 'M-99560', '', 29, 3, '', '233ecbc6-1cc1-3923-6c35-0028ed526dd0', '1970-01-01 00:07:13', 'Tô Yến Tường', '1970-01-01 00:00:04', ''),
('142f0fed-2a8d-534c-1180-e8e2a817c80e', 'M-95364', 'Yến', 60, 1, '', '7eff3d36-4c83-5395-5e35-0028ed526dd0', '1983-07-01 11:57:58', 'Nguyễn Thị Nhiên', '1970-01-01 00:06:18', 'Đào Đình Minh'),
('14672f47-7abc-2316-a97d-e8c757976496', 'M-33171', 'Container', 69, 0, '', '35236925-67e9-5395-4177-d9ebc53aac3d', '1995-09-26 13:53:35', 'Hà Thị Thảo', '1973-07-06 08:17:46', 'Lê Văn Tài'),
('14c0ce35-1687-459c-1acb-66948daf6128', 'M-50894', '', 99, 0, '', '5de704c2-573f-1a71-1a80-de64d090a2c2', '2014-06-15 23:18:36', 'Đoàn Văn Đạt', NULL, NULL),
('156a4794-7a9b-5c3e-2bcb-66948daf6128', 'M-38972', 'Két', 39, 3, '', '7a125aae-1c50-3a73-85f6-423b4e874d0f', '1981-05-26 08:50:11', 'Thái Gia Dũng', '1970-01-01 00:01:27', 'Vũ Văn Hoàng'),
('15fb79ad-271b-30eb-8f32-6a1673ffca7c', 'M-90329', 'Cái', 39, 4, '', '22cb30ef-3311-51f7-e21d-086412a8ea97', '1987-09-25 00:35:25', 'Lương Văn Văn', '1970-11-04 15:56:17', 'Tô Trần Phước'),
('16d64573-7d44-18a4-2acb-66948daf6128', 'M-07386', 'Tấn', 76, 2, '', '1c81ee21-5452-337b-3c77-d9ebc53aac3d', '1973-04-01 23:35:41', 'Lương Văn Thắng', '1984-08-08 14:23:23', 'Ngô Thị Tú'),
('17120d02-6ab5-3e43-18cb-66948daf6128', 'M-34076', 'Cái', 17, 0, '', '7734587d-1eee-329f-f21d-086412a8ea97', '2004-07-28 09:24:32', 'Liễu Thị Mai', '1981-07-14 04:51:50', 'Phí Minh Dũng'),
('176a5ef0-6a1f-5178-7292-08c864661f9c', 'M-45460', 'Lọ', 36, 4, '', '5bfbca34-565c-4f6b-4480-de64d090a2c2', '2020-03-07 16:50:15', 'Hồ Minh Thanh', '1970-01-01 00:01:40', 'Thái Thái Thắng'),
('1785d6d7-5898-2235-a17d-e8c757976496', 'M-73775', '', 14, 4, '', '2bd927cf-7faf-452e-4535-0028ed526dd0', '2001-06-23 19:40:34', 'Tô Thị Kệ', '1970-01-01 00:10:14', 'Ninh Yến Ngọc'),
('179d5bc0-2405-67f7-9590-67245e8b283e', 'M-49824', '', 91, 4, '', '32d33559-61a5-4afd-d91d-086412a8ea97', '1970-01-01 00:09:14', 'Vũ Trần Vĩ', '2009-12-10 22:39:19', 'Lương Hoàng Tài'),
('17bf02de-2b93-2829-29cb-66948daf6128', 'M-98601', '', 57, 2, '', '244b1b16-56fc-1f92-73f6-423b4e874d0f', '1970-01-01 02:16:51', 'Nguyễn Đình Dũng', '1970-01-01 00:06:29', ''),
('1b053175-548d-6448-8bdd-867949feb8b5', 'M-31744', 'Hộp', 19, 3, '', '3d9b23c7-7369-2872-5635-0028ed526dd0', '1981-02-21 02:45:50', 'Trần Tường Minh', NULL, NULL),
('1b336f56-7ee3-7ceb-1ccb-66948daf6128', 'M-10109', 'Thùng', 7, 2, '', '7976650d-4e86-2615-8c41-c1ec321fe728', '1977-10-14 05:45:58', '', NULL, NULL),
('1bf8a43c-47fb-4d6c-1863-eeb1d8ed8cef', 'M-03607', 'Kilogram', 16, 2, '', '443674f7-78a9-5ffa-4f35-0028ed526dd0', '1970-01-01 00:02:44', 'Ngô Văn Huy', '2012-07-13 18:00:05', 'Đàm Ngọc Dũng'),
('1c2187a3-6d94-2ded-21cb-66948daf6128', 'M-33364', 'Tạ', 40, 4, '', '7c1ae6ac-6c72-7436-2dc2-579daad24557', '1970-01-01 00:00:10', 'Hà Tường Dũng', '1970-01-01 00:09:31', 'Giang Giang An'),
('1da031ce-7347-6fc1-ff17-7000f455f3d5', 'M-54662', '', 3, 1, '', '395fb299-3c5f-46fe-8841-c1ec321fe728', '1978-06-22 09:23:27', 'Nguyễn Thị An', '1970-01-01 02:13:50', 'Liễu Thị Hân'),
('1ded3dd7-32db-5bc9-9190-67245e8b283e', 'M-25168', '', 95, 3, '', '11ea67a8-36b3-7e4b-3e80-de64d090a2c2', '1970-01-01 00:01:23', 'Đồng Trung Trung', '2013-01-30 18:19:27', 'Cao Minh Trung'),
('1e5a953f-1c88-5769-addb-e5d54223c257', 'M-39871', 'Cái', 42, 4, '', '564127b8-58f3-46f3-7df6-423b4e874d0f', '1993-05-24 12:18:26', 'Giang Thị An', '1970-01-01 00:00:38', 'Nguyễn Thị Tường'),
('1eb07f4e-7018-6d54-6b92-08c864661f9c', NULL, NULL, 82, 4, NULL, '2da0cbfc-13ad-7ad2-82f6-423b4e874d0f', '1987-07-21 14:30:36', NULL, '1970-01-01 00:01:09', ''),
('1f22399e-14b4-5c2b-8132-6a1673ffca7c', 'M-22346', '', 5, 3, '', '23fe9ba6-680a-2bb3-7a80-7ed9d1ea06ea', '2002-02-08 10:25:15', 'Đào Thị Ngọc', '2015-06-26 21:54:24', 'Nguyễn Trọng Minh'),
('1f8d7e46-1d1e-335f-79dd-867949feb8b5', 'M-88002', '', 88, 3, '', '5f03d543-51ef-39c0-5c35-0028ed526dd0', '2011-11-20 06:34:52', 'Đào Văn Đăng', '1970-01-01 00:10:02', 'Triệu Thị Tường'),
('205a3e0a-13fe-3557-8232-6a1673ffca7c', NULL, NULL, 95, 0, NULL, '5e07660f-437a-6b63-4ac2-579daad24557', '1970-02-02 01:01:53', NULL, '2000-12-21 06:24:59', 'Hồ Thái Đăng'),
('207bba19-49aa-63f4-88dd-867949feb8b5', 'M-57562', 'Két', 48, 2, '', '72fe5819-3c8c-3651-cad2-89b22d10517e', '1970-01-01 00:04:21', 'Nguyễn Minh Đạt', '1970-01-01 01:25:02', 'Tô Văn Vĩ'),
('20d0b9f3-3e65-1639-9d7d-e8c757976496', 'M-02275', 'Container', 34, 2, '', '4a93533c-166e-153b-5a35-0028ed526dd0', '1970-01-01 00:55:33', 'Lê Gia Kệ', '1970-01-01 00:00:18', 'Trương Minh Đăng'),
('2152ea1c-3cd9-7d2b-8d32-6a1673ffca7c', 'M-64787', '', 97, 0, '', '1d21993b-3612-2485-1035-60b3ebf808a9', '1970-01-01 00:02:39', 'Lê Thị Diệp', NULL, NULL),
('22032557-51a3-4005-1263-eeb1d8ed8cef', 'M-53910', '', 21, 1, '', '409dcd1a-426a-23f7-3a35-0028ed526dd0', '1980-05-20 03:27:46', 'Trương Văn Trung', NULL, NULL),
('22f831e3-5d4e-3508-1480-e8e2a817c80e', 'M-70768', 'Kilogram', 3, 2, '', '134608bd-48c2-5fd7-1435-60b3ebf808a9', '1992-12-28 10:35:12', '', NULL, NULL),
('24629593-3d34-32fd-997d-e8c757976496', 'M-06277', '', 88, 2, '', '51510d9a-55bc-1ca2-dad2-89b22d10517e', '1970-01-01 00:01:38', 'Cao Văn Thanh', '2003-09-13 05:37:56', 'Giang Thái Khoa'),
('247986de-4165-651a-9490-67245e8b283e', 'M-63047', 'Lon', 58, 1, '', '53f68d51-267f-2d1e-8241-c1ec321fe728', '1973-05-22 15:42:15', 'Hồ Yến Khuê', '1970-01-01 01:59:55', 'Đào Gia Khôi'),
('2508b8b3-3851-6ae9-86dd-867949feb8b5', 'M-27194', 'Két', 20, 0, '', '707e1336-6584-55de-8341-c1ec321fe728', '1970-01-01 01:53:40', 'Thái Thị Hà', '1985-02-25 20:29:20', 'Triệu Thị Ngọc'),
('257ea484-501b-1644-7cdd-867949feb8b5', 'M-04785', '', 15, 2, '', '6e3f7a8c-2f78-16a9-36c2-579daad24557', '2010-08-08 01:55:10', 'Tô Hùng Khoa', '1975-04-26 14:24:37', 'Hà Minh Huy'),
('258eee01-5e19-7ac4-2ccb-66948daf6128', 'M-60358', 'Cái', 5, 2, '', '4029deb6-568c-284f-8941-c1ec321fe728', '1970-01-01 00:01:32', 'Vũ Ngọc Nhung', NULL, NULL),
('25efaa0a-2220-4655-20cb-66948daf6128', 'M-45907', 'Túi', 25, 2, '', '40160288-72cf-185c-c8d2-89b22d10517e', '2000-09-02 15:05:12', 'Đoàn Thị Tiên', '1970-01-01 00:09:11', 'Ngô Ngọc Thúy'),
('276e9765-4c6a-4239-0b80-e8e2a817c80e', 'M-20967', '', 3, 2, '', '47576606-508c-670b-ed1d-086412a8ea97', '1991-09-05 02:00:05', 'Lương Văn Hoàng', NULL, NULL),
('27a76ea6-6309-6d6a-0218-7000f455f3d5', 'M-19434', 'Lọ', 91, 0, '', '60b57ac2-2e01-384d-2980-de64d090a2c2', '1980-05-30 04:32:26', 'Tô Thị Dung', NULL, NULL),
('27e293c1-483b-5599-a090-67245e8b283e', 'M-62627', '', 45, 4, '', '4f605a10-3abd-35ce-ddd2-89b22d10517e', '1970-01-01 00:00:55', 'Trần Trọng Đăng', NULL, NULL),
('2829d00c-db3b-11ec-9629-847beb44fa72', NULL, 'Thùng', 48, 2, NULL, '5197d1d2-21dd-4c76-be88-c8460160e6fc', '2022-05-24 15:26:06', NULL, NULL, NULL),
('284ccb05-337b-7e6f-9090-67245e8b283e', 'M-35893', '', 87, 4, '', '2bd927cf-7faf-452e-4535-0028ed526dd0', '1970-01-01 00:15:42', 'Đoàn Thị Diệp', '1970-01-01 00:01:06', 'Triệu Thị Thảo'),
('28e5fd74-7c2e-6105-26cb-66948daf6128', 'M-46930', '', 36, 4, '', '3b9be541-2ef2-4000-4bc2-579daad24557', '2014-05-25 21:29:38', 'Giang Thị Tiên', '1981-05-19 23:27:32', 'Cao Minh Dũng'),
('2a2516e8-7ca5-62b3-9132-6a1673ffca7c', 'M-29652', 'Gram', 86, 4, '', '61499beb-584c-2b1e-d0d2-89b22d10517e', '1985-04-29 00:03:26', 'Đồng Duy Hoàng', NULL, NULL),
('2b850d3d-6722-3f01-1bcb-66948daf6128', 'M-61574', 'Gram', 1, 3, '', '1f8f0fbf-1f52-3ca3-55c2-579daad24557', '2020-06-02 07:43:13', 'Cao Gia Quang', '2008-12-16 05:51:49', 'Liễu Tường Hoàng'),
('2bbbd485-6df2-536a-7e32-6a1673ffca7c', 'M-14587', '', 100, 0, '', '2107e2a5-49f8-237b-5780-7ed9d1ea06ea', '2013-03-20 23:35:53', 'Đồng Văn Cường', '2010-05-22 19:10:34', 'Hồ Văn Khôi'),
('2bf413d3-7a2c-217a-78dd-867949feb8b5', 'M-01668', 'Yến', 85, 1, '', '417f31fa-5c7b-6b08-6280-7ed9d1ea06ea', '2007-01-01 06:47:20', 'Tô Thị Hân', NULL, NULL),
('2c4d181d-6dbb-4b03-87dd-867949feb8b5', 'M-24011', '', 9, 0, '', '33589ecb-33ac-28c7-9241-c1ec321fe728', '1995-05-16 19:12:31', 'Phí Hoàng Trung', NULL, NULL),
('2c7af5cb-448b-1c53-a57d-e8c757976496', 'M-20685', '', 51, 4, '', '2872c174-68d3-29c1-4935-0028ed526dd0', '2005-04-24 13:02:33', 'Thái Gia Tường', NULL, NULL),
('2d19b0e8-2a06-52dc-a190-67245e8b283e', 'M-92913', '', 83, 3, '', '14aa1334-3d35-32c4-30c2-579daad24557', '1970-01-01 00:01:29', 'Tô Thị Hân', NULL, NULL),
('2d558039-6f60-6d55-fd17-7000f455f3d5', 'M-46184', '', 95, 4, '', '4b97b88b-69a5-234a-4277-d9ebc53aac3d', '2012-08-26 00:58:26', 'Lê Văn Huy', NULL, NULL),
('2dcedb9c-6c32-7d27-977d-e8c757976496', 'M-07234', 'Cái', 37, 4, '', '3a425a4d-6066-116b-6bf6-423b4e874d0f', '2021-06-23 02:56:42', 'Vũ Hảo Khoa', '1998-01-24 23:12:02', 'Phí Văn Hoàng'),
('2de001fe-529b-33ad-0280-e8e2a817c80e', 'M-14723', '', 16, 3, '', '45bd4aa1-3832-3db8-d21d-086412a8ea97', '1996-04-16 04:35:26', 'Vũ Văn Vĩ', '1970-01-01 00:16:31', 'Ninh Hoàng Kiên'),
('2fb0b105-7808-503a-76dd-867949feb8b5', NULL, NULL, 3, 4, NULL, '231ea7f8-1468-6e29-5235-0028ed526dd0', '2004-02-21 20:39:00', NULL, '1970-01-01 02:25:46', 'Cao Thị Hân'),
('2fc95768-5570-6429-28cb-66948daf6128', NULL, NULL, 60, 0, NULL, '321cca36-5b09-7efa-52c2-579daad24557', '1993-03-18 22:25:15', NULL, NULL, NULL),
('2ff059da-69a9-17a4-fc17-7000f455f3d5', 'M-01963', '', 36, 1, '', '5c7f0ec4-77f2-3794-cf1d-086412a8ea97', '2020-09-08 03:47:11', 'Lê Ngọc Khoa', NULL, NULL),
('30c8ee28-58a3-22f2-5e92-08c864661f9c', NULL, NULL, 38, 0, NULL, '7ad34860-1ac8-7ad7-d01d-086412a8ea97', '1995-06-04 13:13:39', NULL, '1993-06-04 11:21:02', 'Lê Thị Hân'),
('31584a21-584a-7428-0d80-e8e2a817c80e', 'M-23048', 'Kilogram', 17, 3, '', '6349b25b-78e2-2d06-2780-de64d090a2c2', '1970-01-01 00:01:31', 'Phí Thị An', '1985-09-20 04:37:34', 'Giang Gia Hùng'),
('336f81b7-417d-7e3a-1363-eeb1d8ed8cef', 'M-22763', '', 25, 4, '', '4b97b88b-69a5-234a-4277-d9ebc53aac3d', '2000-12-13 03:03:59', 'Cao Văn Dũng', '1970-01-01 00:00:07', ''),
('33851c36-6445-4680-23cb-66948daf6128', 'M-48636', '', 37, 2, '', '65ecf5c2-5298-156e-d51d-086412a8ea97', '1986-08-30 06:36:41', 'Giang Văn Tài', NULL, NULL),
('34cde64f-62e4-186c-77dd-867949feb8b5', 'M-66295', '', 47, 3, '', '4863fe5f-13df-4653-9041-c1ec321fe728', '1970-01-01 01:00:18', 'Lương Thị Anh', '2013-01-30 07:07:14', 'Đồng Thị Chi'),
('3590dd80-43d2-1325-8732-6a1673ffca7c', 'M-91048', '', 95, 0, '', '3cc7be2d-6406-4b95-3cc2-579daad24557', '1973-07-16 12:19:32', 'Lê Thị An', '1970-01-01 00:00:09', 'Thái Văn Tài'),
('3599ef50-13ed-5404-0e63-eeb1d8ed8cef', 'M-52493', '', 93, 2, '', '613afd47-2fc1-15ed-0735-60b3ebf808a9', '1970-01-01 00:01:28', 'Thái Trần Kiên', '2014-06-17 12:07:48', 'Đồng Văn Kiên'),
('3721d21d-5c1d-1e10-1563-eeb1d8ed8cef', 'M-30778', '', 25, 0, '', '40b34c4d-3992-6122-94f6-423b4e874d0f', '1970-01-01 01:33:03', 'Nguyễn Thị Chi', '1976-03-19 00:12:48', 'Ninh Thị Hân'),
('37cf0ec7-4909-5dc9-a37d-e8c757976496', 'M-63849', 'Hộp', 14, 1, '', '75ec2fe2-5965-48e6-9141-c1ec321fe728', '1970-01-01 00:09:53', 'Hồ Thị Tú', '1999-01-31 05:54:27', 'Nguyễn Văn Khoa'),
('380799e8-2bfa-4f0f-8e32-6a1673ffca7c', NULL, NULL, 33, 0, NULL, '28692b18-2ec1-574b-6780-7ed9d1ea06ea', '1982-07-25 10:55:23', NULL, NULL, NULL),
('3856e8f7-535c-632a-83dd-867949feb8b5', 'M-61935', 'Túi', 16, 4, '', '7649b7c1-509e-4f94-6580-7ed9d1ea06ea', '2021-06-19 14:59:32', 'Đàm Văn Minh', '1970-05-28 15:39:33', ''),
('38b1d642-47b7-7c97-6692-08c864661f9c', 'M-60330', 'Túi', 1, 0, '', '4756a513-5900-5b67-1f35-60b3ebf808a9', '1980-05-09 19:36:03', 'Trần Trung Đạt', NULL, NULL),
('392fb6ca-399e-2320-7192-08c864661f9c', NULL, NULL, 4, 3, NULL, '2f25e35e-15fb-71e4-4e35-0028ed526dd0', '2006-07-02 10:15:04', NULL, '1983-09-16 23:23:13', 'Đào Thị Nhung'),
('3965bd1a-2544-467d-80dd-867949feb8b5', 'M-38749', '', 6, 4, '', '3292f8e8-6f00-416f-2035-60b3ebf808a9', '1970-01-01 00:11:09', 'Tô Văn Trung', NULL, NULL),
('3ab17eb8-4928-4275-8332-6a1673ffca7c', 'M-91795', '', 98, 4, '', '6e60b234-643f-288e-7ff6-423b4e874d0f', '1986-01-02 18:53:17', 'Đồng Văn Trung', '1970-01-01 00:05:07', 'Triệu Duy Tài'),
('3abc4ce5-462f-5db9-9e7d-e8c757976496', 'M-00504', '', 41, 3, '', '48147636-7e8f-6939-2580-de64d090a2c2', '1970-01-01 00:01:15', '', NULL, NULL),
('3b4d46a3-7a40-30a2-fe17-7000f455f3d5', 'M-90301', '', 33, 3, '', '5957cf32-7c84-1987-1635-60b3ebf808a9', '1970-01-01 00:14:32', 'Triệu Ngọc Khuê', '1970-09-08 12:31:28', 'Ngô Đình Hùng'),
('3b58cf74-16ac-69f6-aa7d-e8c757976496', 'M-27255', 'Tạ', 19, 1, '', '2e25af01-3568-3517-7580-7ed9d1ea06ea', '2004-12-21 12:53:34', 'Đoàn Văn Cường', NULL, NULL),
('3c19bf05-3077-4b76-27cb-66948daf6128', 'M-68776', 'Thùng', 19, 4, '', '678732d9-6f0c-3bf8-6b35-0028ed526dd0', '1970-01-01 00:12:00', 'Nguyễn Bảo Thư', '2008-01-01 09:14:53', 'Hà Hùng Khôi'),
('3ce59559-28e3-40e4-1463-eeb1d8ed8cef', 'M-47213', '', 73, 1, '', '45c09477-664f-1904-0f35-60b3ebf808a9', '1995-12-21 23:42:17', 'Lê Thị Tú', '2009-09-10 12:08:40', 'Tô Thị Hân'),
('3d780ac8-3fb5-5c89-8932-6a1673ffca7c', NULL, NULL, 19, 3, NULL, '373aae71-7e6b-6eff-c6d2-89b22d10517e', '1970-01-01 00:08:43', NULL, NULL, NULL),
('3ef08d53-5bf3-1e97-9790-67245e8b283e', 'M-94042', 'Cái', 77, 3, '', '566cfceb-4e8e-112c-4580-de64d090a2c2', '1970-01-01 00:00:36', 'Lương Văn Đăng', NULL, NULL),
('3f66f2d6-688b-4161-5f92-08c864661f9c', 'M-24788', '', 65, 3, '', '7c6c70d9-2ed5-49d8-81f6-423b4e874d0f', '2008-12-20 22:46:34', 'Nguyễn Minh Minh', '1999-10-09 22:01:33', ''),
('3f851737-2976-4bc0-22cb-66948daf6128', 'M-26168', 'Cái', 2, 0, '', '1aae7de9-58a5-49fe-3a77-d9ebc53aac3d', '1987-02-11 23:46:51', 'Hồ Đình Hùng', NULL, NULL),
('3fcda397-772d-53a4-25cb-66948daf6128', 'M-79319', 'Container', 99, 3, '', '22732821-2015-1da3-4335-0028ed526dd0', '1998-11-15 22:07:14', 'Nguyễn Ngọc Dung', '1970-01-01 00:07:04', 'Triệu Thái Hoàng'),
('40036f5e-657f-2c3d-9f7d-e8c757976496', NULL, NULL, 92, 4, NULL, '474e492f-23a9-509b-a441-c1ec321fe728', '1970-10-28 16:08:36', NULL, '1994-11-02 20:28:42', 'Trần Văn Đạt'),
('404fe340-1fd3-414b-aadb-e5d54223c257', 'M-47219', '', 71, 2, '', '6c80a684-1cb5-41af-ff34-60b3ebf808a9', '1977-02-21 13:04:13', '', '1970-01-01 00:00:25', 'Vũ Yến Nhiên'),
('4103f42d-1ebd-52dd-0f80-e8e2a817c80e', 'M-87919', 'Túi', 99, 0, '', '60fe46b4-527a-36de-a841-c1ec321fe728', '2011-06-03 04:27:01', 'Trương Minh Vĩ', '1998-03-19 02:59:50', 'Liễu Thị Vy'),
('4188bc78-6e7e-2c0a-7fdd-867949feb8b5', 'M-56691', '', 56, 3, '', '11e8faef-6121-695a-86f6-423b4e874d0f', '1970-01-01 00:00:51', 'Đào Đình Minh', '1970-01-01 00:01:23', 'Nguyễn Gia Đạt'),
('4213347c-7d41-76e6-9d90-67245e8b283e', 'M-54962', 'Thùng', 69, 4, '', '2e9c0c0f-1a6d-3055-3f77-d9ebc53aac3d', '1970-01-01 00:00:01', 'Đào Hảo Vĩ', NULL, NULL),
('4296b118-76aa-3241-7edd-867949feb8b5', 'M-44776', 'Tạ', 31, 0, '', '778c67bd-6967-345e-2e77-d9ebc53aac3d', '2008-12-23 14:44:39', 'Triệu Văn Minh', NULL, NULL),
('438fec4c-2dad-30d7-a07d-e8c757976496', 'M-05152', '', 4, 0, '', '4a9854e8-12ac-72ac-2877-d9ebc53aac3d', '1970-01-01 00:13:12', 'Lê Ngọc Dung', NULL, NULL),
('439cdac8-4380-1e2d-0f63-eeb1d8ed8cef', NULL, NULL, 69, 4, NULL, '60cfb854-3731-4813-5dc2-579daad24557', '1970-01-01 00:04:31', NULL, '1970-01-01 00:00:13', 'Phí Thị Tường'),
('4448a185-202a-56da-8632-6a1673ffca7c', 'M-89319', 'Tấn', 11, 0, '', '5b511806-63ef-7f25-89f6-423b4e874d0f', '2018-03-02 04:26:36', 'Đồng Ngọc Khôi', '1970-01-01 00:14:47', 'Nguyễn Thị Mai'),
('45536100-7fba-5a99-24cb-66948daf6128', 'M-90173', 'Thùng', 82, 2, '', '6399a2a5-2afd-3384-da1d-086412a8ea97', '1997-06-17 15:08:22', '', '1985-05-10 05:05:13', 'Trương Thái Đạt'),
('4577565a-7e3e-493a-74dd-867949feb8b5', 'M-05375', 'Gói', 80, 0, '', '33ec4fea-4c03-3191-3ec2-579daad24557', '2007-10-01 08:17:20', 'Triệu Minh Thắng', '1999-10-15 03:13:27', 'Đàm Thị Chi'),
('469b3ece-744a-45d5-957d-e8c757976496', 'M-24299', 'Lọ', 41, 2, '', '1c903ec2-2941-7cc6-dcd2-89b22d10517e', '1993-01-24 12:57:33', 'Trần Thị Dung', '1975-08-19 16:08:30', 'Hà Gia Thục'),
('46f514e3-3598-177c-6192-08c864661f9c', 'M-07547', 'Tấn', 69, 4, '', '3512583a-64ab-33c0-6c80-7ed9d1ea06ea', '2008-01-16 17:30:31', 'Đồng Văn Khôi', NULL, NULL),
('4729a19e-5a81-6e74-6a92-08c864661f9c', 'M-37362', 'Kilogram', 25, 0, '', '1c81ee21-5452-337b-3c77-d9ebc53aac3d', '2019-07-07 19:53:44', 'Vũ Văn Đăng', NULL, NULL),
('47405a55-5845-562c-7ddd-867949feb8b5', 'M-11065', '', 3, 3, '', '1aae7de9-58a5-49fe-3a77-d9ebc53aac3d', '2006-08-18 20:55:43', 'Tô Gia Kiên', NULL, NULL),
('4760d71f-6e2f-5b32-19cb-66948daf6128', 'M-96084', 'Cái', 4, 0, '', '485c2f8b-26ef-7313-f01d-086412a8ea97', '2016-02-28 13:52:31', 'Thái Thị Anh', NULL, NULL),
('47f60f67-6087-2a86-abdb-e5d54223c257', 'M-81782', '', 35, 1, '', '323e9a2a-289d-273d-2535-60b3ebf808a9', '1989-06-17 02:30:48', 'Lương Hảo Khoa', '1970-01-01 00:00:04', ''),
('48adb0bd-7040-1241-6e92-08c864661f9c', 'M-62160', 'Tạ', 80, 1, '', '257199aa-33bb-3156-3680-de64d090a2c2', '1990-10-27 11:13:00', 'Triệu Đình Phước', NULL, NULL),
('48c40821-1c72-189a-6792-08c864661f9c', 'M-76650', '', 6, 0, '', '1431bd98-52a5-6694-2635-60b3ebf808a9', '1991-01-26 14:40:11', 'Hà Trần Trung', '1970-01-01 00:00:39', 'Hà Thị Tú'),
('4943c139-6a49-4d6e-1663-eeb1d8ed8cef', 'M-71291', 'Yến', 15, 1, '', '147f0f39-505a-4f6c-6735-0028ed526dd0', '1970-01-01 00:00:26', '', '2019-04-21 07:11:07', 'Lương Văn Đăng'),
('4a2152d1-db16-11ec-a66d-0a002700000b', NULL, 'Thùng to', 24, 2, NULL, '86529a30-bd79-424e-8f3f-084eb3b7f48d', '2022-05-24 11:02:12', NULL, '2022-05-27 10:18:21', NULL),
('4a22005e-db16-11ec-a66d-0a002700000b', NULL, 'Hộp', 8, 2, NULL, '86529a30-bd79-424e-8f3f-084eb3b7f48d', '2022-05-24 11:02:12', NULL, '2022-05-24 15:37:54', NULL),
('4b5f36b2-71d7-58eb-badb-e5d54223c257', 'M-23236', 'Container', 47, 4, '', '2418250c-546d-6ca6-6a35-0028ed526dd0', '1993-02-10 01:44:55', 'Lê Thị An', '1997-07-25 09:02:47', 'Cao Thị Chi'),
('4bbe2956-db3a-11ec-9629-847beb44fa72', NULL, 'Hộp', 12, 2, NULL, 'ddccf08c-a349-449b-8aa6-053e16d16fa1', '2022-05-24 15:19:56', NULL, NULL, NULL),
('4bbec663-db3a-11ec-9629-847beb44fa72', NULL, 'Thùng', 50, 2, NULL, 'ddccf08c-a349-449b-8aa6-053e16d16fa1', '2022-05-24 15:19:56', NULL, '2022-05-24 15:21:28', NULL),
('4c2386b1-57fb-15fa-1063-eeb1d8ed8cef', NULL, 'Hộp', 1, 2, NULL, '35a11d1c-179b-2015-3a80-de64d090a2c2', '2009-10-30 14:12:15', NULL, '2022-05-23 20:11:11', 'Đào Ngọc Dũng'),
('4cd4bba1-49ac-6e4c-b4db-e5d54223c257', 'M-42604', 'Hộp', 5, 0, '', '2d3ae261-2b44-7713-41c2-579daad24557', '2002-07-22 16:32:25', 'Ngô Thị An', '2007-09-05 17:27:56', 'Nguyễn Thị An'),
('4d79d901-1edc-5c5b-0780-e8e2a817c80e', 'M-94262', 'Thùng', 47, 4, '', '190d326c-39c7-2e98-8280-7ed9d1ea06ea', '2021-02-01 15:37:08', 'Nguyễn Trọng Đăng', '2015-03-25 17:46:07', 'Hà Duy Tài'),
('4d7b21db-2e02-12b7-a9db-e5d54223c257', 'M-78810', 'Tấn', 4, 0, '', '3dedab0b-2af0-6b4e-a041-c1ec321fe728', '2018-12-13 12:17:05', 'Tô Gia Tường', '1970-01-01 00:06:55', 'Vũ Thị Diễm'),
('4e01ca19-178d-1579-9c90-67245e8b283e', 'M-63559', 'Kilogram', 74, 4, '', '5214114e-32b4-1ab1-9b41-c1ec321fe728', '1983-03-16 23:24:34', 'Đàm Trung Văn', '1977-10-14 01:10:08', 'Đàm Duy Phước'),
('4e272fc4-7875-78d6-7d32-6a1673ffca7c', 'M-21998', 'Tạ', 75, 0, '', '5390f963-6023-37c3-5ac2-579daad24557', '1981-12-21 20:59:06', 'Liễu Minh Huy', '1970-01-01 00:00:08', 'Đàm Thị An'),
('4eceddac-7dc2-38ea-7bdd-867949feb8b5', NULL, NULL, 6, 4, NULL, '1dc115ba-6479-33a7-44c2-579daad24557', '1970-01-01 00:00:10', NULL, '1988-06-16 04:51:08', 'Thái Minh Kiên'),
('4f6d1696-757a-42a0-0a80-e8e2a817c80e', 'M-26044', 'Gram', 42, 0, '', '7dc15ff7-7a2b-68a9-9941-c1ec321fe728', '2013-10-15 15:21:54', 'Ngô Gia Quang', NULL, NULL),
('50d65da3-631c-5139-9b90-67245e8b283e', 'M-64695', '', 12, 2, '', '1bd700df-4b1c-4b0b-2d35-60b3ebf808a9', '1987-01-04 21:26:41', 'Hà Thị Tiên', '1992-04-30 04:32:59', 'Trương Văn Dũng'),
('511f2482-76be-16cb-84dd-867949feb8b5', 'M-52977', '', 15, 3, '', '337faf61-662b-461a-69f6-423b4e874d0f', '1970-01-01 01:40:54', 'Trần Thị Thảo', '1970-01-01 00:00:44', 'Triệu Văn Khoa'),
('52f674bb-7249-7b72-8b32-6a1673ffca7c', 'M-66028', 'Lon', 16, 3, '', '1fecd07f-2488-638c-8141-c1ec321fe728', '1996-12-08 23:34:17', 'Giang Hùng Hoàng', '1992-09-12 21:58:24', 'Hà Thị Vy'),
('52f7159d-5242-1af8-9c7d-e8c757976496', 'M-04249', 'Container', 3, 3, '', '56313fc9-7b84-1517-3080-de64d090a2c2', '1970-01-01 00:13:11', '', '1989-06-28 16:39:00', 'Ngô Văn Dũng'),
('53f6b59c-6af6-4204-6292-08c864661f9c', 'M-96518', 'Hộp', 80, 0, '', '66c1435b-3547-772d-50c2-579daad24557', '2001-03-29 22:20:07', '', '1970-01-01 00:00:04', 'Tô Thị An'),
('550c9284-29ba-7fb5-7392-08c864661f9c', NULL, NULL, 62, 0, NULL, '383760d5-6851-218b-4835-0028ed526dd0', '2014-10-25 18:43:50', NULL, NULL, NULL),
('5608f456-3b97-2e05-5d92-08c864661f9c', 'M-69994', 'Kilogram', 7, 3, '', '14aa1334-3d35-32c4-30c2-579daad24557', '1970-01-01 00:05:13', 'Vũ Văn Đăng', '1970-01-01 02:09:09', 'Triệu Thị Vy'),
('561eb2f7-48b8-58dd-6892-08c864661f9c', 'M-13849', '', 62, 4, '', '19208572-271c-6122-3177-d9ebc53aac3d', '1970-01-01 00:01:21', 'Hồ Đình Thanh', NULL, NULL),
('5660d465-6020-48f3-75dd-867949feb8b5', 'M-13455', 'Lon', 98, 3, '', '5de704c2-573f-1a71-1a80-de64d090a2c2', '1980-12-26 14:54:37', 'Triệu Thị An', '1970-01-01 00:56:40', 'Hồ Trung Thắng'),
('56957607-562f-5d6d-1ecb-66948daf6128', 'M-24715', 'Tạ', 79, 1, '', '60fe46b4-527a-36de-a841-c1ec321fe728', '2004-02-28 14:47:43', 'Đàm Gia Khôi', '2021-01-09 09:57:26', 'Nguyễn Văn Cường'),
('56978ca4-3960-6c89-1963-eeb1d8ed8cef', 'M-54925', '', 30, 4, '', '1518ced5-6993-37f8-6180-7ed9d1ea06ea', '1986-09-28 06:31:20', 'Triệu Yến Thục', NULL, NULL),
('56b19619-3b4b-5ed3-6d92-08c864661f9c', 'M-64096', 'Container', 30, 1, '', '24610a21-3494-40b6-d9d2-89b22d10517e', '1987-03-27 00:37:43', 'Vũ Hùng Dũng', NULL, NULL),
('56ea0e4e-18dc-1b50-6f92-08c864661f9c', NULL, NULL, 75, 0, NULL, '5df8c1a2-1b87-75a7-6d35-0028ed526dd0', '2007-06-20 05:36:44', NULL, '1970-01-01 00:00:03', 'Đàm Trần Tài'),
('578a959e-1fe6-650e-b8db-e5d54223c257', 'M-37615', '', 99, 2, '', '51c6e7d3-53bf-49ae-8a41-c1ec321fe728', '2015-09-21 10:24:20', 'Trương Văn Minh', '1993-12-19 18:49:39', 'Vũ Văn Thắng'),
('58d8d8a7-140b-5c87-82dd-867949feb8b5', 'M-50714', 'Tấn', 71, 0, '', '256c7bfd-6225-4caa-3077-d9ebc53aac3d', '1970-01-01 02:09:58', 'Trương Hoàng Tài', '1970-01-01 00:43:29', 'Triệu Văn Trung'),
('59d19422-6657-452e-a7db-e5d54223c257', NULL, NULL, 63, 4, NULL, '480ad2ca-2d7e-6977-4077-d9ebc53aac3d', '1970-01-01 00:01:04', NULL, '2008-10-29 16:32:48', 'Đồng Minh Đăng'),
('5abcb7aa-4be0-373c-b7db-e5d54223c257', NULL, NULL, 13, 4, NULL, '7ad34860-1ac8-7ad7-d01d-086412a8ea97', '2012-09-03 04:30:37', NULL, '1970-03-16 16:57:13', 'Thái Ngọc Khánh'),
('5ae2d70b-201d-3e23-7f32-6a1673ffca7c', 'M-97228', '', 85, 2, '', '350cf027-3245-532d-bcd2-89b22d10517e', '2014-03-12 20:26:45', 'Lương Trần Trung', '2008-08-29 06:14:57', 'Liễu Trung Hùng'),
('5b2fcdf5-2050-7cb2-8f90-67245e8b283e', 'M-78682', '', 19, 3, '', '5eaa6527-768d-3ae7-1977-d9ebc53aac3d', '1970-01-01 00:00:05', 'Đoàn Văn Huy', '2017-07-02 12:25:11', 'Tô Trọng Đạt'),
('5b50bf11-3f80-3d31-9032-6a1673ffca7c', 'M-89383', '', 11, 1, '', '7a9c0a69-479a-4ee6-ef1d-086412a8ea97', '1994-08-30 22:40:52', 'Cao Minh Khôi', '1970-01-01 00:07:18', 'Triệu Yến Thục'),
('5badffd8-18c8-3f76-6492-08c864661f9c', 'M-98053', '', 81, 0, '', '50253399-32d6-3154-5535-0028ed526dd0', '1970-01-01 00:00:02', 'Lê Thị Nhung', '2013-05-16 13:42:08', 'Nguyễn Hoàng Đạt'),
('5c63ba8f-59bb-6d2f-9990-67245e8b283e', 'M-00933', '', 61, 4, '', '643eb1df-3f3b-2eec-6e80-7ed9d1ea06ea', '1978-08-25 08:34:23', 'Trần Tường Khôi', NULL, NULL),
('5c86869a-6d0c-7cb1-2dcb-66948daf6128', NULL, NULL, 69, 0, NULL, '5de704c2-573f-1a71-1a80-de64d090a2c2', '1970-01-01 00:00:59', NULL, NULL, NULL),
('5d69f482-4df8-2e61-0e80-e8e2a817c80e', 'M-20609', '', 3, 2, '', '22e1c5f6-3888-6d33-6435-0028ed526dd0', '2011-06-18 10:06:16', 'Lương Thái Khôi', '1989-06-12 00:32:46', 'Nguyễn Đình Phước'),
('5fbbda7e-7566-416f-9b7d-e8c757976496', 'M-66827', '', 7, 3, '', '5f78f73f-7e70-7629-4280-de64d090a2c2', '2012-12-16 01:27:43', 'Trương Văn Khôi', '1981-12-19 10:22:51', 'Đàm Hùng Văn'),
('60084fec-3509-2779-8432-6a1673ffca7c', 'M-60325', '', 78, 0, '', '1431bd98-52a5-6694-2635-60b3ebf808a9', '2021-05-25 05:47:58', 'Lê Thị Khuê', '2008-06-01 18:06:11', 'Hà Hùng Hùng'),
('6081dc00-4df0-5184-9690-67245e8b283e', 'M-42984', '', 4, 0, '', '17533c84-1985-633c-83f6-423b4e874d0f', '1970-01-01 01:15:49', 'Đoàn Thị Vy', NULL, NULL),
('6149c4f4-425b-60e0-b3db-e5d54223c257', 'M-83791', 'Hộp', 45, 0, '', '53f68d51-267f-2d1e-8241-c1ec321fe728', '1983-12-10 05:41:15', 'Nguyễn Minh Thắng', '1990-06-05 23:35:47', 'Lương Ngọc Văn'),
('61a45b9e-55c1-3dbb-f917-7000f455f3d5', 'M-39095', 'Tạ', 8, 3, '', '15882a38-218c-7556-3280-de64d090a2c2', '1970-01-01 00:02:22', 'Liễu Văn Khoa', NULL, NULL),
('61a68ac1-3e74-5149-a290-67245e8b283e', 'M-80101', '', 16, 0, '', '4c14bdf4-3327-39eb-2d80-de64d090a2c2', '1970-01-01 00:02:02', '', NULL, NULL),
('61de96a0-125e-6f06-9e90-67245e8b283e', 'M-84472', 'Lon', 7, 2, '', '1906737f-3aed-5704-1777-d9ebc53aac3d', '1988-09-24 03:34:53', 'Lương Hùng Minh', '1975-11-11 03:06:11', 'Tô Duy Kiên'),
('62071e5d-7876-6982-a67d-e8c757976496', 'M-08068', '', 76, 3, '', '707e1336-6584-55de-8341-c1ec321fe728', '1996-06-13 00:40:08', 'Vũ Thị Thúy', '1970-01-01 00:00:23', 'Tô Hảo Minh'),
('620dbda4-3d7b-6ef2-89dd-867949feb8b5', 'M-22126', 'Kilogram', 21, 2, '', '183d7fea-247d-172e-3677-d9ebc53aac3d', '2008-07-14 12:46:11', 'Vũ Thảo An', '1970-01-01 00:00:55', 'Thái Văn Thắng'),
('6429b0f4-1391-7f32-9390-67245e8b283e', 'M-67634', 'Gói', 6, 1, '', '27852fe9-2bc5-1399-3f80-de64d090a2c2', '1992-02-26 06:31:38', 'Vũ Gia Anh', '2018-03-18 05:33:28', ''),
('645f2e5c-7670-66a0-6092-08c864661f9c', 'M-99070', '', 6, 0, '', '4bf4567b-1505-40db-dd1d-086412a8ea97', '1991-06-30 10:51:41', 'Nguyễn Thị Tiên', '2002-03-24 05:57:39', 'Lương Đình Minh'),
('65a8faaa-15cf-61dc-7092-08c864661f9c', 'M-00969', '', 22, 3, '', '323e9a2a-289d-273d-2535-60b3ebf808a9', '1970-01-01 00:02:18', 'Giang Trung Thanh', '2017-09-17 04:34:45', 'Ninh Giang Hà'),
('66e9a5b8-2a02-52f5-85dd-867949feb8b5', 'M-26120', '', 57, 0, '', '481183cb-5a6c-795b-68f6-423b4e874d0f', '1972-07-27 11:59:32', '', '1970-01-01 00:00:22', ''),
('6719e18d-6121-4bee-8c32-6a1673ffca7c', 'M-26688', '', 15, 1, '', '4a9854e8-12ac-72ac-2877-d9ebc53aac3d', '1993-01-28 01:28:00', 'Hà Thái Huy', '1970-01-01 00:00:09', ''),
('6764ab86-6fcc-2757-8032-6a1673ffca7c', 'M-43461', '', 71, 4, '', '69fe3947-41b8-19b2-3e77-d9ebc53aac3d', '2010-04-05 03:23:15', 'Nguyễn Văn Tài', '1995-04-16 08:35:26', 'Nguyễn Hiếu Thắng'),
('67b5c284-1c59-4a0a-0580-e8e2a817c80e', 'M-63338', '', 9, 2, '', '27318165-703a-31a0-3277-d9ebc53aac3d', '1976-02-05 06:08:36', 'Hà Văn Huy', '1995-12-01 06:47:55', 'Đoàn Văn Thắng'),
('67ef417b-756d-6f15-a27d-e8c757976496', 'M-59323', 'Cái', 87, 3, '', '2418250c-546d-6ca6-6a35-0028ed526dd0', '1970-01-01 02:20:49', 'Nguyễn Thị Hà', '1987-12-02 03:04:49', 'Triệu Trần Vĩ'),
('68478414-705a-2626-5c92-08c864661f9c', 'M-54178', '', 22, 4, '', '77a68c44-5111-2d8c-7d80-7ed9d1ea06ea', '1970-01-01 00:00:01', 'Nguyễn Thị Thư', '2010-01-12 06:51:59', 'Triệu Văn Tài'),
('6916f8cf-1279-16d8-9290-67245e8b283e', 'M-85820', 'Gram', 2, 2, '', '488526e3-42cc-4255-aa41-c1ec321fe728', '1984-11-24 15:42:14', 'Tô Gia Quang', '1970-01-01 00:00:10', 'Trần Văn Quang'),
('696f0f83-27ea-5246-1380-e8e2a817c80e', 'M-29347', 'Gram', 71, 0, '', '707e1336-6584-55de-8341-c1ec321fe728', '1970-01-01 00:00:07', 'Lương Ngọc Anh', NULL, NULL),
('698623e9-1def-6cb3-fa17-7000f455f3d5', 'M-95510', 'Lọ', 94, 4, '', '76ac35c9-1a60-376f-e71d-086412a8ea97', '2002-08-22 11:05:27', 'Ninh Bảo Tú', NULL, NULL),
('69cdb3c5-55bc-2a7a-9a7d-e8c757976496', 'M-61509', '', 97, 1, '', '1b05fdba-145b-7ab0-8d41-c1ec321fe728', '2002-07-19 15:52:18', 'Nguyễn Hùng Trung', '1998-02-11 06:56:17', 'Lương Văn Vĩ'),
('6a4d99cd-242a-6200-7add-867949feb8b5', 'M-59570', '', 85, 1, '', '592aba45-4643-52ff-c1d2-89b22d10517e', '2016-03-31 14:01:34', 'Nguyễn Ngọc Cường', NULL, NULL),
('6a779fff-7bc4-54f4-b5db-e5d54223c257', 'M-16035', 'Gói', 59, 1, '', '6f51ea57-13b2-139f-1177-d9ebc53aac3d', '1973-05-05 23:07:40', 'Ninh Hiếu Phước', '1970-01-01 00:01:17', 'Trương Giang Tú'),
('6af6ef19-44ef-22a6-0118-7000f455f3d5', 'M-72517', '', 56, 0, '', '1dc115ba-6479-33a7-44c2-579daad24557', '1994-03-15 02:43:33', 'Nguyễn Văn Hoàng', '1998-07-08 14:03:06', 'Ninh Thị Vy'),
('6c97b353-5d7d-4095-1dcb-66948daf6128', 'M-58042', '', 73, 1, '', '7c86746a-4284-356e-e11d-086412a8ea97', '2007-01-14 14:14:36', 'Trần Thị Thục', '1970-01-01 00:01:09', ''),
('6de8272b-7b3b-319f-8a32-6a1673ffca7c', 'M-05050', '', 1, 0, '', '7d817578-2d6f-7bd4-9841-c1ec321fe728', '2008-01-29 14:48:16', 'Đoàn Đình Phước', '1970-01-01 01:41:19', 'Hà Trọng Quang'),
('6f2475a8-1ff5-13e7-0680-e8e2a817c80e', 'M-09220', 'Kilogram', 65, 4, '', '2418250c-546d-6ca6-6a35-0028ed526dd0', '1972-05-09 15:15:21', 'Tô Thị Nhung', '1985-04-17 12:08:05', 'Hồ Thị Tú'),
('6f9b639b-6124-3874-a87d-e8c757976496', 'M-94574', 'Lon', 9, 4, '', '3005c4c5-6a2d-70db-58c2-579daad24557', '1988-12-09 18:36:50', 'Ninh Thị Thục', '2010-05-20 06:59:49', 'Hồ Văn Đạt'),
('70253ec7-2e38-67a9-b1db-e5d54223c257', 'M-09574', '', 19, 4, '', '6c5b9fe7-14c9-3bb5-b4d2-89b22d10517e', '1970-01-01 00:06:40', 'Tô Tường Vĩ', '1994-10-19 05:39:38', 'Liễu Trọng Hùng'),
('7050d79b-6948-3c66-1fcb-66948daf6128', 'M-77482', 'Quả', 24, 2, '', '3cb58bb5-2fd7-6c15-8741-c1ec321fe728', '1983-12-21 08:52:21', 'Ngô Thị Chi', NULL, NULL),
('70af83de-413e-63ef-6592-08c864661f9c', 'M-93853', 'Túi', 79, 4, '', '42db9027-5e76-257b-33c2-579daad24557', '1970-01-01 00:37:44', 'Đoàn Thị Nhung', '1970-01-01 00:00:02', 'Đồng Thị Nhung'),
('70d5acf3-2d43-7ebb-9a90-67245e8b283e', 'M-41205', 'Kilogram', 100, 3, '', '6784f58b-4ac0-1a8f-f51d-086412a8ea97', '2011-07-09 10:21:09', 'Lương Văn Minh', NULL, NULL),
('710e1590-db3b-11ec-9629-847beb44fa72', NULL, 'Lọ', 12, 3, NULL, '7f109f98-47bf-469a-b6fb-ccfe46f8c4ea', '2022-05-24 15:28:08', NULL, NULL, NULL),
('7111867a-db3b-11ec-9629-847beb44fa72', NULL, 'Lon', 8, 3, NULL, '7f109f98-47bf-469a-b6fb-ccfe46f8c4ea', '2022-05-24 15:28:08', NULL, '2022-05-27 10:14:38', NULL),
('7136099c-206b-1466-81dd-867949feb8b5', 'M-96680', '', 49, 1, '', '11ea67a8-36b3-7e4b-3e80-de64d090a2c2', '1995-11-16 07:19:06', 'Ninh Thị Khuê', '1970-01-01 00:00:04', 'Lương Thị Thảo'),
('71c459c3-508d-1245-b6db-e5d54223c257', 'M-88729', '', 100, 4, '', '190d326c-39c7-2e98-8280-7ed9d1ea06ea', '1996-11-03 00:31:35', 'Nguyễn Gia Khoa', '1970-01-01 00:41:56', 'Nguyễn Ngọc Kiên'),
('72ce912f-6015-2e14-fb17-7000f455f3d5', 'M-08943', 'Tấn', 78, 2, '', '68c6083a-3e64-63ed-49c2-579daad24557', '1990-12-20 09:39:28', 'Thái Giang Nhiên', '1970-01-01 00:00:06', 'Đàm Thị Khánh'),
('7325f44f-127c-240c-afdb-e5d54223c257', 'M-72862', '', 63, 0, '', '62563348-7bd5-6519-3c35-0028ed526dd0', '1982-11-02 10:46:59', 'Trương Thị Châu', '1970-01-01 00:00:07', 'Đồng Minh Hoàng'),
('73feb9c0-5258-209c-1280-e8e2a817c80e', 'M-04569', '', 8, 1, '', '12e12a5c-6e3a-503a-d71d-086412a8ea97', '2012-04-20 10:53:01', 'Liễu Thị Diễm', '1992-03-13 08:29:00', 'Hà Tường Kiên'),
('74017ba6-559b-3426-8532-6a1673ffca7c', NULL, NULL, 11, 2, NULL, '430298e0-2d52-2266-5ec2-579daad24557', '1986-08-18 20:08:31', NULL, '1970-10-14 13:39:13', 'Tô Hảo Hoàng'),
('756ac66d-5ca5-79ff-b9db-e5d54223c257', 'M-02727', '', 6, 1, '', '19256041-7623-2834-6df6-423b4e874d0f', '1994-04-27 09:50:50', 'Nguyễn Thị Dung', '1971-11-11 11:38:15', 'Đào Hảo Đăng'),
('758f86f1-3af9-68b9-1763-eeb1d8ed8cef', 'M-10674', 'Container', 25, 0, '', '5edb2be2-7849-4909-c2d2-89b22d10517e', '2010-06-20 04:53:09', 'Triệu Văn Đăng', '2016-08-17 00:56:04', ''),
('75fcbf6d-4e84-4cc4-9f90-67245e8b283e', 'M-68427', 'Yến', 79, 4, '', '3df2ebcd-6d28-2729-57c2-579daad24557', '2005-01-07 19:37:01', 'Đào Văn Văn', '2019-02-27 10:39:44', 'Cao Văn Đạt'),
('7623d42f-35f4-1ce5-987d-e8c757976496', 'M-66871', '', 1, 0, '', '23309faa-2375-4675-d5d2-89b22d10517e', '1982-09-15 10:07:55', '', '1970-01-01 00:57:34', 'Tô Hùng Hùng'),
('767111e6-3dbc-615a-0880-e8e2a817c80e', 'M-84620', 'Container', 44, 2, '', '500b6761-1631-4f3a-c0d2-89b22d10517e', '1988-06-04 22:29:39', 'Phí Trọng Minh', '1970-01-01 00:00:12', 'Đàm Bảo Dung'),
('7686595d-16d5-33b3-0080-e8e2a817c80e', 'M-64347', 'Tấn', 63, 2, '', '401e72cc-49b0-5b4a-5335-0028ed526dd0', '2018-02-02 10:22:21', 'Ninh Thái Khoa', '2000-06-09 09:54:10', 'Hà Trọng Huy'),
('768f8e64-7d10-20c9-967d-e8c757976496', 'M-30803', '', 32, 2, '', '1e2dfa96-54fc-3a0e-5f35-0028ed526dd0', '1988-03-16 07:06:35', 'Tô Thị Thảo', NULL, NULL),
('771e3dd1-42bb-2339-acdb-e5d54223c257', 'M-92700', 'Yến', 52, 3, '', '506acf1e-5331-67a9-0d77-d9ebc53aac3d', '1994-12-30 10:38:23', 'Phí Thị Châu', '2019-05-25 19:24:48', 'Thái Thị Ngọc'),
('773acde0-4741-351b-6992-08c864661f9c', 'M-11367', 'Túi', 48, 0, '', '4eb131b8-234a-632f-4b35-0028ed526dd0', '2004-03-05 20:25:54', 'Tô Thị Diệp', '1994-01-14 23:37:08', 'Đàm Gia Ngân'),
('791b9e6b-6010-1e33-b0db-e5d54223c257', 'M-85172', '', 9, 4, '', '3582e86f-1b41-6262-7ef6-423b4e874d0f', '1970-01-01 00:09:39', 'Ninh Thảo Hân', NULL, NULL),
('79fa8253-391f-4864-b2db-e5d54223c257', 'M-18611', '', 73, 1, '', '33589ecb-33ac-28c7-9241-c1ec321fe728', '1970-01-01 00:16:13', 'Liễu Văn Quang', NULL, NULL),
('7abe18db-2b8a-5fcb-aedb-e5d54223c257', 'M-27521', '', 32, 4, '', '46421cb1-7414-1d61-2c80-de64d090a2c2', '1971-09-28 06:10:23', 'Lê Minh Tài', '1972-08-27 09:04:39', 'Ninh Thị Mai'),
('7b808a79-129e-4370-0018-7000f455f3d5', 'M-98356', 'Túi', 35, 4, '', '7ad34860-1ac8-7ad7-d01d-086412a8ea97', '1999-07-04 02:16:35', 'Ngô Văn Quang', NULL, NULL),
('7bec5682-21c4-666f-a8db-e5d54223c257', 'M-52532', 'Túi', 100, 2, '', '5e018773-114a-3517-54c2-579daad24557', '1994-06-05 10:36:04', 'Ninh Ngọc Thư', '1970-01-01 00:10:39', 'Hà Yến Ngọc'),
('7d663944-7eb7-7c68-8add-867949feb8b5', 'M-40372', 'Túi', 56, 0, '', '48147636-7e8f-6939-2580-de64d090a2c2', '1995-11-08 17:37:26', 'Đàm Minh Hùng', '2005-12-25 02:49:00', 'Hà Hảo Đăng'),
('7dbdf5fd-6a92-497b-0c80-e8e2a817c80e', 'M-93150', 'Gói', 24, 4, '', '2f43fc9d-1f7a-25fc-5280-7ed9d1ea06ea', '2016-11-11 06:58:06', 'Thái Thị Thúy', '1980-03-18 04:57:36', 'Cao Ngọc Thắng'),
('7e4a64ed-3925-5bb5-6392-08c864661f9c', NULL, NULL, 33, 4, NULL, '4155b8df-1bec-5054-7480-7ed9d1ea06ea', '1970-01-01 00:00:38', NULL, NULL, NULL),
('7e8f50b2-5100-74d8-0480-e8e2a817c80e', 'M-11954', 'Kilogram', 31, 4, '', '67f9c991-2cfd-332e-3877-d9ebc53aac3d', '1990-03-28 10:09:20', 'Nguyễn Đình Huy', '1970-01-01 00:07:20', ''),
('7f3d5027-1858-6752-1080-e8e2a817c80e', 'M-99596', 'Kilogram', 55, 2, '', '2d3ae261-2b44-7713-41c2-579daad24557', '1970-01-01 00:00:37', 'Thái Đình Hùng', '2021-04-05 20:13:34', 'Giang Hảo Đạt'),
('7f4552ee-20f2-2f82-9890-67245e8b283e', 'M-91517', '', 72, 3, '', '7c6c70d9-2ed5-49d8-81f6-423b4e874d0f', '1971-07-12 17:30:42', 'Phí Thị Thư', NULL, NULL),
('7f609b3d-31d7-548b-0318-7000f455f3d5', 'M-95184', 'Tấn', 33, 1, '', '2c14d4bf-4fdf-22d0-cbd2-89b22d10517e', '1970-01-01 00:14:03', 'Ninh Yến Vy', '1970-01-01 00:01:32', 'Lê Văn Thắng'),
('7f662b42-535c-433b-6c92-08c864661f9c', 'M-21202', '', 6, 4, '', '6349b25b-78e2-2d06-2780-de64d090a2c2', '1974-03-30 03:35:28', 'Đào Hoàng Quang', NULL, NULL),
('85a7cedf-da99-11ec-bd8a-0a002700000c', NULL, 'Thùng', 24, 2, NULL, '7b666cc3-1b67-6037-67f6-423b4e874d0f', '2022-05-23 20:09:04', NULL, NULL, NULL),
('8a51792d-da99-11ec-bd8a-0a002700000c', NULL, 'Hộp', 12, 2, NULL, '7b666cc3-1b67-6037-67f6-423b4e874d0f', '2022-05-23 20:09:12', NULL, NULL, NULL),
('a958379e-dd6b-11ec-88e0-4cedfb74f399', NULL, 'Hộp to', 144, 2, NULL, '86529a30-bd79-424e-8f3f-084eb3b7f48d', '2022-05-27 10:18:21', NULL, NULL, NULL),
('be93242e-da99-11ec-bd8a-0a002700000c', NULL, 'Chai', 12, 2, NULL, '464cab51-7f72-16a0-51c2-579daad24557', '2022-05-23 20:10:40', NULL, '2022-05-27 10:15:34', NULL),
('ce2a5262-db3c-11ec-9629-847beb44fa72', NULL, 'Container', 244, 2, NULL, '86529a30-bd79-424e-8f3f-084eb3b7f48d', '2022-05-24 15:37:54', NULL, NULL, NULL);

-- 
-- Restore previous SQL mode
-- 
/*!40101 SET SQL_MODE=@OLD_SQL_MODE */;

-- 
-- Enable foreign keys
-- 
/*!40014 SET FOREIGN_KEY_CHECKS = @OLD_FOREIGN_KEY_CHECKS */;